"executionTime","index","states"
118.926698223792,1,3
47.2387933207105,2,1
121.468090909024,3,3
116.660779726714,4,3
67.8611552097911,5,2
79.100150522162,6,2
74.183203319305,7,2
77.4079909678665,8,2
114.42525101042,9,3
43.0655866713714,10,1
112.73500859055,11,3
112.721754777968,12,3
120.522591840721,13,3
77.2684704299886,14,2
77.7778519020509,15,2
114.334339415697,16,3
117.686233676148,17,3
74.1478599685157,18,2
74.3114577443859,19,2
116.969352221147,20,3
117.220789587137,21,3
115.378741790939,22,3
79.3521312418575,23,2
79.1206926902137,24,2
78.3859149709512,25,2
42.6174791877246,26,1
113.923747106507,27,3
111.733497145389,28,3
115.708809224634,29,3
48.8275246172855,30,1
118.928200592242,31,3
113.235884111397,32,3
72.6779541381354,33,2
118.893995876229,34,3
40.7782880348107,35,1
113.072612047248,36,3
119.657243021116,37,3
115.417772975077,38,3
74.1604811308113,39,2
115.919114214359,40,3
75.0434606414956,41,2
119.737481794697,42,3
119.654876345419,43,3
47.6630700309411,44,1
118.405590382925,45,3
40.9699991433851,46,1
41.6626497573246,47,1
77.960683562479,48,2
115.912532599227,49,3
118.318276713373,50,3
114.673417641197,51,3
116.106141533096,52,3
46.3022457036608,53,1
74.0746389414443,54,2
70.5507957918456,55,2
70.5495195824571,56,2
74.0826380677231,57,2
118.209760982104,58,3
117.781999465354,59,3
116.830290555702,60,3
119.944682783055,61,3
52.6728323532892,62,1
80.98906459664,63,2
72.5292845617157,64,2
67.3781866289305,65,2
52.6437647651142,66,1
113.02978899742,67,3
114.933586378411,68,3
111.131980723152,69,3
115.7613205058,70,3
78.9619811462482,71,2
76.6631054044457,72,2
73.5294706445354,73,2
50.3137597444174,74,1
113.072155685763,75,3
77.8760381554356,76,2
78.7572335303187,77,2
56.28820797529,78,1
116.88947487759,79,3
121.07426786874,80,3
84.3817324611212,81,2
72.9292160764607,82,2
79.1441735316433,83,2
49.9529582879969,84,1
48.815841729931,85,1
39.4963710336083,86,1
48.6395607662166,87,1
38.8458410250316,88,1
115.522377111435,89,3
44.202676791614,90,1
115.292402148965,91,3
73.3488944665614,92,2
36.3608153980734,93,1
118.751233854337,94,3
76.9030900064128,95,2
78.9925546656734,96,2
76.6007505172319,97,2
73.803801555084,98,2
71.1556929786528,99,2
120.624360977994,100,3
115.528068318532,101,3
115.51944093605,102,3
118.522818013268,103,3
43.8961602721083,104,1
112.848874709892,105,3
124.423798676684,106,3
113.155916678597,107,3
116.083302254077,108,3
76.7432076298982,109,2
42.3171508363254,110,1
115.414323229911,111,3
78.4295897460059,112,2
53.250330183771,113,1
116.906966804759,114,3
43.3462850663685,115,1
119.186444343352,116,3
42.6592895082266,117,1
76.2969075414993,118,2
76.9751927030004,119,2
43.5646673069213,120,1
77.2151490074834,121,2
75.9564177240609,122,2
113.988967305941,123,3
48.3516111856629,124,1
123.560790451849,125,3
116.298200617447,126,3
79.1608167332071,127,2
120.250237240796,128,3
43.6285735699063,129,1
76.3667046323531,130,2
73.2839108122831,131,2
72.6833367374134,132,2
72.5464848219436,133,2
117.637646622516,134,3
43.7703547152613,135,1
58.3006472820845,136,1
72.8251610809836,137,2
74.1593217039874,138,2
112.064855407526,139,3
82.8039178860097,140,2
72.8753929757774,141,2
75.5401581103863,142,2
72.6084191791561,143,2
110.659603745433,144,3
109.501009264354,145,3
75.0309315265295,146,2
75.3576263931566,147,2
111.308381067424,148,3
106.063607056572,149,3
109.968001394723,150,3
107.466537884615,151,3
75.2980494701799,152,2
72.4875368922514,153,2
41.7245485000809,154,1
113.702816724835,155,3
112.928188009436,156,3
105.220710154223,157,3
76.0288729850202,158,2
78.5147694224789,159,2
72.4173243678735,160,2
74.4755072459204,161,2
30.5736833609298,162,1
74.7781894031025,163,2
71.4813742141306,164,2
46.7145393274433,165,1
113.263623395618,166,3
114.040123302218,167,3
73.3452873899417,168,2
72.6783163558805,169,2
113.035376857443,170,3
50.1216173387565,171,1
112.845189840635,172,3
111.987457879987,173,3
71.2893295168996,174,2
111.918345631085,175,3
107.745329127026,176,3
109.645267723825,177,3
34.9067070538165,178,1
71.2082766817331,179,2
36.3262213862058,180,1
73.5743264275518,181,2
77.4330144664281,182,2
72.6530371393596,183,2
74.6051000584848,184,2
75.6236925732178,185,2
76.6882221823808,186,2
74.4157061318417,187,2
77.8836537106171,188,2
69.5254301576684,189,2
81.5631069041514,190,2
70.2630610952079,191,2
74.2455711598662,192,2
70.3062316692839,193,2
31.868733557732,194,1
111.524903244487,195,3
72.3157028116887,196,2
109.298748763241,197,3
109.539572789771,198,3
75.6877989131454,199,2
73.3776021246387,200,2
77.3015466359633,201,2
112.280201940558,202,3
37.7098116230989,203,1
75.3172403828221,204,2
75.4864459220044,205,2
42.6647337957901,206,1
76.1156486122962,207,2
40.2553009691028,208,1
77.009246859098,209,2
75.750024415886,210,2
76.6592276731749,211,2
79.6755510369518,212,2
69.1336207728211,213,2
77.4404389911578,214,2
72.9331957040199,215,2
35.4393334235767,216,1
45.1350327230207,217,1
37.9069067059035,218,1
72.0478849873591,219,2
108.325018127164,220,3
75.6907354826936,221,2
106.686129797865,222,3
107.539300665461,223,3
111.525348329763,224,3
105.715126528176,225,3
110.237247693976,226,3
74.8112129138483,227,2
71.7871242307327,228,2
73.8902752363854,229,2
75.4974222479514,230,2
77.9084773101372,231,2
68.8954663363292,232,2
74.3217239010424,233,2
74.2307705211747,234,2
71.514664199369,235,2
108.235528579041,236,3
73.1543609297457,237,2
37.2492251888006,238,1
113.102901087243,239,3
76.0366001547873,240,2
42.4257611509298,241,1
110.510166243734,242,3
38.1013573637682,243,1
77.4528044056542,244,2
41.328257509546,245,1
79.7578041368036,246,2
38.9760272257508,247,1
112.486940950089,248,3
106.734344483146,249,3
109.071249783524,250,3
25.3398632914444,251,1
103.89899864296,252,3
109.423844703017,253,3
114.454644306548,254,3
106.92909476319,255,3
104.880761269182,256,3
104.212053008261,257,3
34.0525732725259,258,1
23.1940860385644,259,1
106.696152261043,260,3
110.288129651008,261,3
61.5945365195398,262,2
65.2019876188136,263,2
56.7102385595696,264,2
64.2161227995194,265,2
61.7279785154783,266,2
65.1862898409029,267,2
33.0664044000661,268,1
110.229150991365,269,3
110.006128557149,270,3
100.080265869517,271,3
30.1483323520319,272,1
107.665139505998,273,3
109.065588074899,274,3
104.740781877313,275,3
72.3744748429378,276,2
107.581086001828,277,3
24.869583545356,278,1
63.4561448729691,279,2
110.521687776277,280,3
61.4345650133503,281,2
59.6085617150763,282,2
65.380332680437,283,2
63.6629523925662,284,2
112.460630701274,285,3
66.9284921692379,286,2
63.3148868540551,287,2
62.8103715196736,288,2
70.8591439080301,289,2
57.4185466462241,290,2
60.7711094699975,291,2
73.5410691669893,292,2
28.9453706988078,293,1
31.6694529579308,294,1
66.2780882547709,295,2
29.8408255437929,296,1
69.3652170715619,297,2
64.5885522996839,298,2
62.1340983054728,299,2
34.4865083283514,300,1
107.659787191842,301,3
58.8129814761433,302,2
66.5887634679069,303,2
54.4316588278321,304,2
59.4032077857945,305,2
63.4025042760002,306,2
58.2979000397028,307,2
61.6212541223281,308,2
63.8396411489337,309,2
57.6225669906498,310,2
64.0873492469109,311,2
63.6443706767935,312,2
107.968737782389,313,3
105.142278917721,314,3
104.878439157165,315,3
110.138756844253,316,3
34.7185302931235,317,1
55.1702978008293,318,2
112.945844015722,319,3
106.831665631192,320,3
105.946695910693,321,3
26.4663089367777,322,1
110.911618802788,323,3
35.1429172964606,324,1
30.2425452039548,325,1
109.458412350234,326,3
107.102524308699,327,3
110.880092023568,328,3
24.1860943101652,329,1
104.39955494145,330,3
63.0058732642087,331,2
65.465881377947,332,2
59.2114860481632,333,2
28.7760095470654,334,1
108.103604732622,335,3
104.655481984208,336,3
108.699577487672,337,3
110.153431247369,338,3
38.1308465256175,339,1
107.237079438014,340,3
28.4976458588218,341,1
106.043638398939,342,3
66.3214003447139,343,2
107.549055322467,344,3
104.031802935784,345,3
108.820211859418,346,3
109.017615536067,347,3
109.843773831505,348,3
106.93101730613,349,3
106.211537067824,350,3
61.1409504467223,351,2
102.115013993206,352,3
30.2848359212385,353,1
113.19369822313,354,3
110.913440124713,355,3
36.2273234421163,356,1
29.7721951496432,357,1
21.6417276408777,358,1
64.1849703326953,359,2
62.7859102789355,360,2
62.1471592619508,361,2
63.6154452740434,362,2
109.428235957703,363,3
104.712021494232,364,3
106.77306299635,365,3
30.4317790014704,366,1
103.167360911689,367,3
106.407573055685,368,3
105.687167310936,369,3
109.413567968977,370,3
105.343296452754,371,3
108.129725974277,372,3
106.445230179936,373,3
26.6285682786753,374,1
37.4739567538187,375,1
108.228097174732,376,3
17.7900713043397,377,1
108.407667878374,378,3
65.9647450675086,379,2
64.3056850777826,380,2
66.7106670912577,381,2
108.890909313769,382,3
25.1841060952865,383,1
107.102505933403,384,3
23.6278987178271,385,1
63.4585459997172,386,2
36.9591350839312,387,1
103.840896316063,388,3
108.772881022271,389,3
43.2474008160232,390,1
38.1098650131451,391,1
108.651070375041,392,3
15.7885376391891,393,1
109.198907235388,394,3
107.316597939824,395,3
112.877478593601,396,3
106.723800494914,397,3
74.5101463116571,398,2
40.9583220492444,399,1
110.811736632903,400,3
109.718306175591,401,3
37.9830396930693,402,1
38.7459426575467,403,1
106.066541320671,404,3
79.5178742785311,405,2
76.7254675721509,406,2
70.9492079172899,407,2
108.386984481996,408,3
105.827186490301,409,3
105.742508441098,410,3
40.2801938835714,411,1
74.2884562821312,412,2
109.142759236636,413,3
69.3679336320887,414,2
78.9970142974172,415,2
43.3337865225878,416,1
108.83852150984,417,3
108.368412990622,418,3
109.356418652526,419,3
38.3650284701084,420,1
106.104609987617,421,3
44.3287647187022,422,1
75.6628043286357,423,2
73.932015193637,424,2
76.3195212780226,425,2
73.2558114075286,426,2
111.072608230255,427,3
79.3770592369218,428,2
77.8279990989736,429,2
109.362164403808,430,3
109.206729948104,431,3
76.0165920294221,432,2
72.2227446514883,433,2
76.5434233116881,434,2
108.028294523593,435,3
109.115091681103,436,3
108.295632969018,437,3
112.301074493485,438,3
110.190626192972,439,3
42.2755258131488,440,1
37.387063888328,441,1
76.3967057145784,442,2
79.2885899951175,443,2
111.557347923796,444,3
109.387823940741,445,3
76.3740049465882,446,2
76.3673323167468,447,2
75.4801739992922,448,2
38.062232948077,449,1
107.854661614265,450,3
102.907673097994,451,3
108.081104526766,452,3
107.138775743579,453,3
114.508550368684,454,3
108.66172797503,455,3
105.891855732532,456,3
108.882406033843,457,3
113.035471691604,458,3
69.1681091277096,459,2
42.2840734647915,460,1
105.879334114317,461,3
40.6571200143049,462,1
107.660034062886,463,3
99.3870018914925,464,3
72.9779483627079,465,2
77.6871623202419,466,2
76.9340741339818,467,2
114.259267258834,468,3
114.229104013355,469,3
108.844679396746,470,3
77.7683482351394,471,2
72.7703200871263,472,2
75.9367054569772,473,2
109.576846612168,474,3
108.274389389284,475,3
109.677689815422,476,3
108.304747555952,477,3
109.831291880297,478,3
108.578529094388,479,3
77.3023923086139,480,2
76.2092336642224,481,2
74.5254584208541,482,2
76.217657685341,483,2
41.2598322226007,484,1
109.02297220201,485,3
41.2408074570271,486,1
42.5438735716864,487,1
105.311443857199,488,3
109.502676559605,489,3
111.872475397723,490,3
110.870871766046,491,3
113.626529841761,492,3
107.787035648674,493,3
35.7342193118626,494,1
107.160107284104,495,3
79.3707343564353,496,2
75.1533033586797,497,2
76.6595260507234,498,2
79.1942674180412,499,2
81.6644270405874,500,2
76.8119013729107,501,2
81.2654858729008,502,2
73.4349698547009,503,2
68.2332664580409,504,2
75.8550377994112,505,2
110.011323135262,506,3
74.0269334949844,507,2
74.2666127502036,508,2
74.2290411997751,509,2
109.694559849169,510,3
107.022491763306,511,3
102.521427343322,512,3
105.889337933903,513,3
42.0854341706841,514,1
74.3100300345961,515,2
74.9252619056472,516,2
107.660315973127,517,3
106.277150337334,518,3
35.9813976372873,519,1
112.57677137875,520,3
40.2280748341006,521,1
71.7916257074223,522,2
74.4730311907867,523,2
110.711883826371,524,3
105.866929771874,525,3
112.043538581666,526,3
112.116296842085,527,3
109.997004972083,528,3
72.7457728420805,529,2
114.766420937101,530,3
41.5647526087063,531,1
106.189923839618,532,3
109.03095744666,533,3
110.488058501166,534,3
78.6958674686349,535,2
71.8685969852029,536,2
78.8970300765895,537,2
74.4208895366028,538,2
45.2440742250309,539,1
112.157380252605,540,3
111.388265511104,541,3
101.455351857531,542,3
72.8645013408464,543,2
77.4041172192888,544,2
47.8722442061386,545,1
110.477660005453,546,3
110.318129976047,547,3
42.4368838713174,548,1
109.361638761026,549,3
111.85380771895,550,3
113.791289597879,551,3
108.992657392074,552,3
107.416661819883,553,3
110.761397816034,554,3
105.521239871704,555,3
41.4111282784101,556,1
105.228566458783,557,3
104.458676757016,558,3
44.8228625510633,559,1
110.358682391913,560,3
109.135812116728,561,3
75.3225142290927,562,2
74.6818283230343,563,2
109.224489566356,564,3
114.369839400159,565,3
73.4063398756629,566,2
45.7611187529081,567,1
112.260903130525,568,3
76.0384306100244,569,2
72.5670377597605,570,2
70.3114408474596,571,2
115.391731849179,572,3
106.531858777522,573,3
109.475005967908,574,3
46.2420945112339,575,1
109.04323473057,576,3
111.58268946792,577,3
104.062121888145,578,3
114.574411172693,579,3
38.1574121492082,580,1
112.601304473045,581,3
41.10421102806,582,1
107.091852085525,583,3
81.4703142824227,584,2
77.8412630278317,585,2
77.5704711007794,586,2
72.9949066253358,587,2
77.9599992290753,588,2
74.5829227828081,589,2
76.9299270377911,590,2
76.82766592546,591,2
77.4096079402244,592,2
44.0861612708262,593,1
111.460637886552,594,3
72.7308986697487,595,2
71.5714566642341,596,2
108.226148179096,597,3
109.467429092342,598,3
114.116178455693,599,3
78.6623700296378,600,2
75.3731689245437,601,2
113.173075182725,602,3
76.0572596958441,603,2
33.8150198483588,604,1
112.408598208611,605,3
34.7765307810334,606,1
73.3302849164442,607,2
106.748965573182,608,3
44.6435287141221,609,1
77.0142669463814,610,2
72.1048134278006,611,2
112.196912982124,612,3
77.5193081560325,613,2
111.80461775003,614,3
107.274753362839,615,3
34.3670117178335,616,1
74.3377057418423,617,2
77.2133096814206,618,2
106.398714938336,619,3
105.171770389152,620,3
35.061518503818,621,1
70.9317257465953,622,2
71.6015571423548,623,2
82.9836482386734,624,2
79.1125086085329,625,2
74.6493758061757,626,2
71.6849056354918,627,2
75.2033761289472,628,2
61.4449834508275,629,2
66.0660264009079,630,2
113.520261067435,631,3
107.799138178631,632,3
106.163177957848,633,3
111.999359568092,634,3
102.50753002348,635,3
99.455196702067,636,3
36.3516851895532,637,1
66.223660628229,638,2
28.9138852494121,639,1
106.829184853381,640,3
104.817465446117,641,3
108.304749331111,642,3
102.286711163625,643,3
103.296152206659,644,3
110.10370619036,645,3
73.7339354810265,646,2
70.9940017962168,647,2
67.1710688223638,648,2
35.0723541600625,649,1
68.2272786913027,650,2
112.915069818471,651,3
65.296824049239,652,2
66.6554000243362,653,2
67.5526615788483,654,2
62.0272589795378,655,2
110.915489377567,656,3
105.731339714475,657,3
68.7534787796471,658,2
65.2889666271299,659,2
33.7074747336579,660,1
38.0241701996251,661,1
71.0583267057802,662,2
63.8411236903848,663,2
68.5695375946668,664,2
67.79074314135,665,2
72.8206992606596,666,2
72.0072377073721,667,2
63.3546086000244,668,2
71.0541350152698,669,2
35.1259482706284,670,1
106.209306887572,671,3
66.8841074759176,672,2
64.1564030209601,673,2
70.5098261491169,674,2
67.2895061011689,675,2
68.4098808442753,676,2
69.0300485645615,677,2
67.0229592074685,678,2
31.0344658501321,679,1
111.715802460837,680,3
100.022225292617,681,3
107.949729382447,682,3
36.4825403833676,683,1
113.613703969665,684,3
66.2832704187979,685,2
71.0014338539137,686,2
37.3781906203196,687,1
31.9390568632742,688,1
104.869997062891,689,3
105.182402701015,690,3
117.023470251732,691,3
64.0821256333024,692,2
68.7328621902593,693,2
32.592247839444,694,1
101.210723083646,695,3
108.95814040036,696,3
69.6851088628589,697,2
68.5491476843049,698,2
102.475065953665,699,3
67.4129713241459,700,2
33.1877273881958,701,1
29.0200120099975,702,1
43.0091254386664,703,1
110.795436911235,704,3
106.586073892091,705,3
104.669740521054,706,3
118.69407244573,707,3
28.1777465524586,708,1
67.3846431433273,709,2
67.0370086806572,710,2
109.23358462825,711,3
115.248329273225,712,3
106.004519745389,713,3
30.8911163265044,714,1
29.6321677493751,715,1
69.2478732152729,716,2
66.4408559841895,717,2
69.0980124515605,718,2
64.8699215197166,719,2
27.9924762454278,720,1
102.208557111073,721,3
109.054965812999,722,3
107.858549505347,723,3
106.666671710122,724,3
34.4165020887817,725,1
108.4618697082,726,3
110.8141564963,727,3
67.6287869561393,728,2
65.2180485591688,729,2
66.0219775428745,730,2
107.027601478459,731,3
109.101724316541,732,3
109.612612778883,733,3
109.166823235377,734,3
103.396594009442,735,3
30.4228058985808,736,1
63.9920311954965,737,2
63.69280419696,738,2
66.0743943302315,739,2
63.5561267413453,740,2
103.611898852254,741,3
108.141135687349,742,3
107.756947181823,743,3
34.6768372373703,744,1
69.3252725226592,745,2
76.8295111102126,746,2
73.1355077385634,747,2
75.9573731139926,748,2
78.1737695774726,749,2
72.7354383285483,750,2
76.9442817203385,751,2
74.1549124505507,752,2
112.079742374445,753,3
50.5964670285638,754,1
72.9638295737269,755,2
71.8555108559928,756,2
73.9704340320688,757,2
71.9126189678771,758,2
77.2870247927134,759,2
71.2236787018133,760,2
76.6277798516738,761,2
73.5351438595062,762,2
80.4068671608868,763,2
75.1035105550932,764,2
76.073903355779,765,2
74.9707911941914,766,2
64.6528319914194,767,2
112.727074218642,768,3
49.1555435924357,769,1
115.008541871256,770,3
42.2618298410407,771,1
118.268343639506,772,3
52.0347951771591,773,1
113.949693313469,774,3
118.97281897085,775,3
119.108351728439,776,3
113.57081500154,777,3
115.046216927341,778,3
117.107185779635,779,3
117.310265956911,780,3
118.617297600992,781,3
119.552393882383,782,3
48.5544396120494,783,1
76.5300265887575,784,2
75.8068660294124,785,2
118.004031508947,786,3
43.2944990541262,787,1
71.4592784789676,788,2
75.7722921041447,789,2
75.3248799743921,790,2
77.1124382175568,791,2
76.9709200191247,792,2
43.2364371759309,793,1
45.3899908417596,794,1
118.139856641714,795,3
114.638155846202,796,3
115.4072283482,797,3
115.730706758619,798,3
120.352703306942,799,3
48.5069198749319,800,1
118.438660672119,801,3
47.7842541423848,802,1
120.049377106363,803,3
49.160798057386,804,1
34.6714205945624,805,1
73.5735880643404,806,2
112.028648646353,807,3
39.5680213753708,808,1
79.0947736217272,809,2
75.9912750170471,810,2
82.274156099545,811,2
78.8983538517006,812,2
78.1739632182557,813,2
107.262799445572,814,3
107.534820538248,815,3
108.256036399144,816,3
64.63737875012,817,2
60.3269389673187,818,2
103.469603017104,819,3
107.888384970554,820,3
105.625505288379,821,3
110.105814289814,822,3
38.3172166201743,823,1
58.3293257633533,824,2
67.3194332123318,825,2
66.2011041998107,826,2
64.8851993615364,827,2
114.071377543526,828,3
104.229868680839,829,3
106.721243170868,830,3
37.8862846947995,831,1
109.458185486031,832,3
107.579583703651,833,3
110.788317527896,834,3
29.4054918962029,835,1
62.7717957120733,836,2
69.5720419683998,837,2
32.0332171808964,838,1
25.9682990893897,839,1
104.444225072873,840,3
110.694767969063,841,3
30.289603445611,842,1
64.7034896282724,843,2
63.9589429421571,844,2
60.5010405949425,845,2
108.279758326993,846,3
108.049041328405,847,3
108.519408893715,848,3
111.18799323158,849,3
106.290107621425,850,3
111.301626715644,851,3
106.852560681375,852,3
65.6335506528969,853,2
109.688085067263,854,3
26.8590994607805,855,1
105.737496458203,856,3
109.004603484667,857,3
106.613898827795,858,3
108.522796217792,859,3
63.0887788795765,860,2
25.0973068410323,861,1
113.390070906196,862,3
25.2585938575527,863,1
107.396627850324,864,3
105.479651005017,865,3
30.0371266727974,866,1
36.0008221745566,867,1
32.945892396782,868,1
107.389521570558,869,3
24.8895756812066,870,1
108.009122294005,871,3
104.749556650419,872,3
110.090486093946,873,3
109.109655858507,874,3
113.432164163864,875,3
29.7860581542633,876,1
58.4596402259455,877,2
67.667234661489,878,2
33.021665456257,879,1
19.8603916938014,880,1
35.6214536939487,881,1
37.261344818605,882,1
67.2549404120346,883,2
18.6708992527878,884,1
63.270304814412,885,2
65.2307199757901,886,2
25.8287077235902,887,1
109.782563410619,888,3
26.1125071778056,889,1
63.1745539653937,890,2
31.6944811623372,891,1
106.453701404904,892,3
57.5709067229556,893,2
32.479835858018,894,1
68.8754483289131,895,2
62.3458964082113,896,2
66.9646974809178,897,2
62.1781116875636,898,2
63.2969698152071,899,2
33.4878240408103,900,1
106.711172042952,901,3
103.936309085604,902,3
29.5462518503048,903,1
61.6951782808792,904,2
105.174121700098,905,3
106.055044480767,906,3
111.962711120575,907,3
25.4026019086006,908,1
60.1989373970854,909,2
112.413362061953,910,3
41.0685369657932,911,1
71.231986856333,912,2
35.3060506918708,913,1
63.9352436684502,914,2
57.7042403447327,915,2
61.7952550024758,916,2
56.5957634846055,917,2
63.2605906235362,918,2
58.2609456605125,919,2
37.9987900171185,920,1
28.458760778423,921,1
110.896510227892,922,3
106.072675145073,923,3
109.233092541098,924,3
66.6767796130701,925,2
64.7283232494464,926,2
55.1532557249209,927,2
64.7882240474381,928,2
29.3967676370695,929,1
105.138796201864,930,3
33.3547283566908,931,1
105.979484323327,932,3
103.544308042035,933,3
107.412259410004,934,3
64.4986899625438,935,2
58.1570003848491,936,2
108.08927744789,937,3
60.5755449704009,938,2
60.925415656265,939,2
63.3579254685487,940,2
109.548508112458,941,3
32.583048047526,942,1
69.7285778091251,943,2
32.8920190048014,944,1
110.748170972327,945,3
105.574382747776,946,3
106.681926584859,947,3
111.315381561554,948,3
65.8289187483006,949,2
43.7999298872699,950,1
30.0392662456811,951,1
105.771166449384,952,3
60.1072657361,953,2
105.848439632584,954,3
61.3036932580015,955,2
39.9490159288452,956,1
116.354947956042,957,3
109.659549040356,958,3
107.195873157105,959,3
43.5796791159834,960,1
32.6619246880023,961,1
65.9609337839928,962,2
68.7983140746374,963,2
67.2108068750464,964,2
23.0395032461594,965,1
107.632320171991,966,3
63.7845967966212,967,2
59.9232520506997,968,2
64.493818153587,969,2
55.7130199069377,970,2
65.5586941129593,971,2
109.354155598186,972,3
103.064925751852,973,3
106.137994530276,974,3
113.33627057101,975,3
30.6255269279752,976,1
63.4988316616956,977,2
63.9681903630076,978,2
47.0633512035191,979,1
76.7469630217124,980,2
69.2611565789454,981,2
72.2313423965467,982,2
40.1642811270391,983,1
73.3473576132673,984,2
48.6383713554771,985,1
118.877916102952,986,3
46.6664081253368,987,1
80.8387667792224,988,2
77.1010751962723,989,2
78.846301479314,990,2
76.7255837642304,991,2
45.6588942704997,992,1
77.4414610615209,993,2
114.97536472621,994,3
113.86341770281,995,3
70.7355804194379,996,2
118.196020467691,997,3
114.932241973021,998,3
41.4512555010389,999,1
114.47638115738,1000,3
112.451669703734,1001,3
113.093224382434,1002,3
38.1759472861451,1003,1
122.792592631481,1004,3
116.157299685893,1005,3
119.574317696266,1006,3
45.6651682373157,1007,1
75.5073986233834,1008,2
116.969539392866,1009,3
47.7790840387469,1010,1
119.285929431512,1011,3
46.1216251925939,1012,1
117.690308490746,1013,3
46.757462360263,1014,1
39.5607560272735,1015,1
114.465281452391,1016,3
114.038277016556,1017,3
119.131723228321,1018,3
42.3582964790407,1019,1
74.0882681415642,1020,2
42.0339558902225,1021,1
111.683902476846,1022,3
115.852666673178,1023,3
39.6498015902559,1024,1
77.2674349646459,1025,2
79.0685298597751,1026,2
74.3861971431837,1027,2
114.829041691664,1028,3
123.61306665346,1029,3
78.2184257814593,1030,2
76.7259829506965,1031,2
78.0805098094162,1032,2
74.7926947531667,1033,2
114.437659823625,1034,3
114.506134612635,1035,3
121.98927375382,1036,3
115.879964482078,1037,3
79.0644698595394,1038,2
116.258317613523,1039,3
120.774961296453,1040,3
115.915867363815,1041,3
119.646197655622,1042,3
45.3700542485327,1043,1
116.64067872502,1044,3
77.5629251828555,1045,2
115.908713706422,1046,3
50.3682980859811,1047,1
109.834747887067,1048,3
115.005873763936,1049,3
54.3944679825081,1050,1
76.3964401170975,1051,2
48.1421641484622,1052,1
114.950886904994,1053,3
50.4155756301689,1054,1
71.495189658482,1055,2
45.7373396427886,1056,1
72.8676992418072,1057,2
74.5808643029603,1058,2
43.1184545649623,1059,1
37.7014293678778,1060,1
78.672942515741,1061,2
111.200320407876,1062,3
117.76998520065,1063,3
113.850337323208,1064,3
41.7182494437581,1065,1
40.423002391969,1066,1
115.130324889204,1067,3
67.7232384686768,1068,2
114.280065859244,1069,3
43.3748534333486,1070,1
74.3384387988438,1071,2
81.3936207722991,1072,2
79.9550264033088,1073,2
41.4628892025676,1074,1
115.925381194773,1075,3
78.7205146103286,1076,2
79.3641297445649,1077,2
116.8709059845,1078,3
51.9610747124195,1079,1
118.007204969695,1080,3
115.224122241383,1081,3
47.9871553355984,1082,1
73.4276185204941,1083,2
69.69262815933,1084,2
75.7153364550988,1085,2
73.3685940038929,1086,2
71.9231932396029,1087,2
72.6133701258278,1088,2
81.8370447308039,1089,2
78.7199105976623,1090,2
71.9193451132435,1091,2
74.5755385596168,1092,2
72.944833920796,1093,2
40.0780296609715,1094,1
82.9589356618318,1095,2
42.6674562634388,1096,1
117.946748025351,1097,3
120.617918318363,1098,3
43.9521183565721,1099,1
39.7980246730098,1100,1
78.9398601908651,1101,2
76.9486411814028,1102,2
78.0105071210786,1103,2
75.5618015302914,1104,2
72.3273211680752,1105,2
79.3274989646754,1106,2
114.808899462562,1107,3
113.164348169905,1108,3
44.1866378261617,1109,1
70.866503088141,1110,2
78.3894824526748,1111,2
77.4265803987446,1112,2
54.6876479805327,1113,1
121.096468774377,1114,3
115.738265360104,1115,3
33.2301824594042,1116,1
116.759655359127,1117,3
49.0218836392415,1118,1
79.2013356394883,1119,2
73.5957141920448,1120,2
43.3973731192634,1121,1
75.4901400511965,1122,2
76.6219946681753,1123,2
70.1444050137444,1124,2
116.353227454789,1125,3
79.0889642540848,1126,2
75.5770309660895,1127,2
79.2156542222908,1128,2
79.7607595478051,1129,2
42.6602099770798,1130,1
113.569641245593,1131,3
46.9887242521806,1132,1
74.0969866004353,1133,2
72.5297864037486,1134,2
115.393259294624,1135,3
74.1737730489321,1136,2
113.686952417941,1137,3
43.0839428202604,1138,1
117.910071775493,1139,3
71.038200157298,1140,2
77.0399394156214,1141,2
116.188637232093,1142,3
111.493936917821,1143,3
113.845285811444,1144,3
113.981826607414,1145,3
52.6714982837425,1146,1
75.511856074572,1147,2
42.7294037653066,1148,1
80.1918828960994,1149,2
116.503094271307,1150,3
47.6304551998159,1151,1
120.004389007297,1152,3
72.3615759708695,1153,2
36.9756925521961,1154,1
119.251804762191,1155,3
115.424943153147,1156,3
76.2397491355783,1157,2
46.0514417186609,1158,1
112.815888973996,1159,3
49.1088017189993,1160,1
116.517911245318,1161,3
34.0958429843251,1162,1
71.1154305864589,1163,2
117.087239547382,1164,3
74.3244683683416,1165,2
80.0721921239908,1166,2
79.9222762706399,1167,2
75.7744737609237,1168,2
76.4103042918946,1169,2
123.394907098733,1170,3
110.87127317271,1171,3
116.700040161281,1172,3
113.188571166512,1173,3
114.225107395155,1174,3
74.901452764938,1175,2
119.224139700431,1176,3
110.792931876731,1177,3
120.16684903536,1178,3
54.4743045744935,1179,1
75.9864783319715,1180,2
74.1794343134674,1181,2
66.3243248853463,1182,2
108.264325167826,1183,3
68.500544593624,1184,2
68.7657116869038,1185,2
70.9132809337264,1186,2
31.8568826079362,1187,1
70.2144776509024,1188,2
72.005860544344,1189,2
65.3470309448196,1190,2
64.4977719926066,1191,2
61.7893617295681,1192,2
72.8299951097932,1193,2
28.8646132927021,1194,1
104.082388549886,1195,3
65.9199592248795,1196,2
65.4795466888341,1197,2
67.2671345757461,1198,2
63.3540540071397,1199,2
33.3413683158798,1200,1
102.872537510648,1201,3
105.446753016956,1202,3
35.3110593276953,1203,1
105.844020003682,1204,3
30.1392477123518,1205,1
33.9292883945954,1206,1
30.6105716226585,1207,1
113.171340661905,1208,3
65.5728082773357,1209,2
67.6766353927942,1210,2
68.4999878694707,1211,2
37.1751835622408,1212,1
104.847836503439,1213,3
31.3455768526264,1214,1
106.141370850682,1215,3
103.070772069364,1216,3
64.4918909921967,1217,2
68.7809400262894,1218,2
69.4017656043349,1219,2
30.4659373294271,1220,1
106.931117489258,1221,3
70.9469275590711,1222,2
67.79006622583,1223,2
69.0683159410806,1224,2
69.4426006603063,1225,2
67.9112616907379,1226,2
70.562688903452,1227,2
66.4867121282081,1228,2
70.8998980373249,1229,2
65.0301260597257,1230,2
34.4480501781661,1231,1
102.439874103304,1232,3
64.3023337770389,1233,2
67.8090425880458,1234,2
33.2122499935506,1235,1
108.578955360185,1236,3
112.388616879324,1237,3
33.1329313680652,1238,1
64.6922231161423,1239,2
67.4292082579379,1240,2
62.6822662593888,1241,2
68.8288704215344,1242,2
69.05424217303,1243,2
30.779911599986,1244,1
105.870490438648,1245,3
107.402129728562,1246,3
104.955601576132,1247,3
65.1206445090654,1248,2
109.328240710624,1249,3
106.31019953354,1250,3
66.1463471547637,1251,2
67.3121192171166,1252,2
108.157063403727,1253,3
43.4630062829429,1254,1
63.2253492520611,1255,2
65.9613657808505,1256,2
65.2839699986249,1257,2
66.4488000571882,1258,2
64.2415572324231,1259,2
65.9837790253602,1260,2
68.3332018023991,1261,2
31.6356602133573,1262,1
29.2835884415781,1263,1
111.505345684689,1264,3
115.714549889079,1265,3
37.5166464740597,1266,1
116.713879307878,1267,3
31.9655060711416,1268,1
105.906656697675,1269,3
66.8982608806141,1270,2
35.785793448566,1271,1
67.542879676628,1272,2
68.8201199138088,1273,2
110.014794646092,1274,3
108.263724488695,1275,3
21.7043156032004,1276,1
109.878276715225,1277,3
30.2118612965169,1278,1
104.458307760434,1279,3
105.293765459201,1280,3
103.332519239773,1281,3
108.821079463412,1282,3
67.9708140342414,1283,2
67.9130705950078,1284,2
37.0220334355304,1285,1
110.952470964098,1286,3
108.378412224761,1287,3
36.525828230447,1288,1
106.054528326743,1289,3
103.231024979034,1290,3
112.254376430186,1291,3
34.1908328928185,1292,1
108.448410184741,1293,3
25.9550535302077,1294,1
105.066281240381,1295,3
113.37495633029,1296,3
75.4172703309958,1297,2
65.1789285682835,1298,2
70.8782794400971,1299,2
107.084300026193,1300,3
108.645775830228,1301,3
35.2112448355162,1302,1
109.02200198858,1303,3
110.922661754356,1304,3
108.246224024693,1305,3
106.887942843964,1306,3
68.9161930091661,1307,2
39.7860555423435,1308,1
67.2856993225847,1309,2
66.2410908497556,1310,2
28.6247588161943,1311,1
101.430646192573,1312,3
116.971073758555,1313,3
104.660304521545,1314,3
106.175663228691,1315,3
65.2476876762666,1316,2
61.5856602880398,1317,2
33.0620633072299,1318,1
73.3977714023682,1319,2
109.378504279069,1320,3
34.1507128442933,1321,1
67.5621670309216,1322,2
102.648800244209,1323,3
30.1466288504504,1324,1
25.5941522608511,1325,1
63.3901000287707,1326,2
103.133500305968,1327,3
104.039583731012,1328,3
106.143821187644,1329,3
39.3694182667217,1330,1
100.440694004849,1331,3
101.694041103458,1332,3
105.887813619278,1333,3
113.917635534923,1334,3
108.841082394026,1335,3
113.853864250546,1336,3
36.3107534698897,1337,1
37.0199855815737,1338,1
32.3357907053243,1339,1
69.1192165395407,1340,2
62.8507466871512,1341,2
69.8871972054777,1342,2
64.4518670544567,1343,2
63.0734469306297,1344,2
109.926337649379,1345,3
64.4964766255571,1346,2
37.3788187077663,1347,1
71.3829044748003,1348,2
64.8841573612813,1349,2
66.9743225602452,1350,2
71.6163532239989,1351,2
63.7418081989191,1352,2
27.5597671692929,1353,1
103.584993787145,1354,3
107.450906759878,1355,3
109.753719395688,1356,3
68.7010310203939,1357,2
67.3671047745523,1358,2
110.778966229977,1359,3
107.30798316464,1360,3
70.7177159094613,1361,2
65.5072625344226,1362,2
70.0074504613673,1363,2
114.503852888345,1364,3
113.770800419781,1365,3
113.584094669347,1366,3
103.886889146511,1367,3
37.7097230824021,1368,1
68.5784397785121,1369,2
69.9702953784969,1370,2
63.5645397620805,1371,2
71.3032475254357,1372,2
68.9806951205265,1373,2
67.0525402063358,1374,2
69.709798770245,1375,2
63.0355743822848,1376,2
37.6668206209294,1377,1
113.641558556477,1378,3
101.849337561778,1379,3
112.250675918543,1380,3
65.8440690794605,1381,2
29.9842164645018,1382,1
108.752089285715,1383,3
108.639485348232,1384,3
27.3753364708833,1385,1
114.692086216646,1386,3
102.345150026809,1387,3
39.3830238848568,1388,1
63.4761466563943,1389,2
36.3518051764196,1390,1
67.8297127947054,1391,2
68.6700789757568,1392,2
71.576609136936,1393,2
66.7302940364758,1394,2
33.5584081976324,1395,1
24.8841922963217,1396,1
106.242871184028,1397,3
109.575021557451,1398,3
109.604366766589,1399,3
109.555579299785,1400,3
33.1778838230312,1401,1
107.196795575959,1402,3
102.989724005322,1403,3
113.704845879435,1404,3
103.459604336639,1405,3
33.8666660282507,1406,1
34.7832567864474,1407,1
64.119335810835,1408,2
35.9345945499098,1409,1
109.528049920469,1410,3
107.899553486636,1411,3
102.942271427326,1412,3
110.259151413969,1413,3
69.4448129918075,1414,2
65.0696183002111,1415,2
68.3708278398543,1416,2
63.7935458353662,1417,2
66.4276189233113,1418,2
69.047789625306,1419,2
66.3378359638162,1420,2
71.7483433244615,1421,2
71.5157205850926,1422,2
112.409127546837,1423,3
73.73718086093,1424,2
76.3142665435926,1425,2
72.6396507945299,1426,2
75.7161098673695,1427,2
73.3318692732077,1428,2
73.8693027913203,1429,2
38.4513481034999,1430,1
77.485979344465,1431,2
74.8169724207243,1432,2
39.9876358529549,1433,1
37.8272217837326,1434,1
77.4812209111374,1435,2
76.3427964931209,1436,2
72.7528585490408,1437,2
76.2481791638334,1438,2
76.0919141965915,1439,2
74.4019477960099,1440,2
113.527628705479,1441,3
40.1244452524609,1442,1
109.651729234052,1443,3
110.054704126859,1444,3
104.68853428503,1445,3
74.0409365446196,1446,2
75.3716695717194,1447,2
77.6941084021066,1448,2
72.8550025527427,1449,2
75.312173690583,1450,2
39.0914195745613,1451,1
106.100075890463,1452,3
71.6436988452353,1453,2
75.2622040004304,1454,2
74.3016298565438,1455,2
33.5018100910641,1456,1
108.531154447644,1457,3
108.374594653975,1458,3
40.7180989394109,1459,1
101.496566763631,1460,3
113.36088555884,1461,3
74.7318532544502,1462,2
78.3485544224366,1463,2
112.24461438072,1464,3
78.1634982644653,1465,2
111.285927174343,1466,3
37.4579320227318,1467,1
109.114223124996,1468,3
110.386607554014,1469,3
111.451018209193,1470,3
104.436317118419,1471,3
105.357877878294,1472,3
75.7956855340219,1473,2
48.8018390909096,1474,1
74.0669139681185,1475,2
78.3400802036284,1476,2
71.2667835294135,1477,2
77.516293311358,1478,2
75.6691290033568,1479,2
73.9890425452502,1480,2
71.3856771112657,1481,2
72.928949175262,1482,2
111.553056240334,1483,3
35.8558671426301,1484,1
78.4563050049483,1485,2
73.5252671090712,1486,2
78.1767806353064,1487,2
114.533316163288,1488,3
42.9252308838891,1489,1
114.121288028078,1490,3
39.4460735828543,1491,1
39.9098931900214,1492,1
74.1265678939803,1493,2
42.1580921600823,1494,1
110.942106722887,1495,3
76.9459354579415,1496,2
78.0748617669819,1497,2
32.2643163055453,1498,1
104.409488441915,1499,3
69.6943343407086,1500,2
107.183772758476,1501,3
45.8174546708947,1502,1
37.5676244697017,1503,1
33.3526068612384,1504,1
35.6366050096317,1505,1
111.258638665053,1506,3
39.1906975655572,1507,1
71.1584742654244,1508,2
76.8470652823037,1509,2
74.8988205834482,1510,2
33.3319719863204,1511,1
113.916365221111,1512,3
74.293378906847,1513,2
110.899601826768,1514,3
101.949057618548,1515,3
106.030146020811,1516,3
78.7986987014469,1517,2
73.1502173218549,1518,2
80.2528105037153,1519,2
109.970336748511,1520,3
40.065426229821,1521,1
71.0008521014461,1522,2
72.2357843663786,1523,2
74.5650704850081,1524,2
79.4611049815517,1525,2
75.6030641152473,1526,2
102.749880501524,1527,3
102.793420558999,1528,3
39.9121410061279,1529,1
116.746164539011,1530,3
114.322827399973,1531,3
35.7798976723218,1532,1
111.095796587787,1533,3
75.9681043371802,1534,2
77.2132146253438,1535,2
41.3936622536497,1536,1
110.123732626067,1537,3
73.9881487656138,1538,2
42.9888756526019,1539,1
109.06532774028,1540,3
113.731878054206,1541,3
109.287275381826,1542,3
39.566470114969,1543,1
111.421019764855,1544,3
105.521955001502,1545,3
100.483876145915,1546,3
110.152136069038,1547,3
113.978447822177,1548,3
38.8399629078234,1549,1
104.543313119901,1550,3
108.761192744499,1551,3
40.0785478537649,1552,1
76.266852163258,1553,2
82.6079476735104,1554,2
76.6463141451653,1555,2
72.5529029799057,1556,2
77.2765609321616,1557,2
80.7714785797256,1558,2
43.6714119441097,1559,1
37.553712797604,1560,1
110.02527417069,1561,3
71.373414790459,1562,2
71.4780372976446,1563,2
79.6417881828936,1564,2
34.3326994163824,1565,1
114.168675905175,1566,3
104.066225048285,1567,3
109.722904239787,1568,3
105.674283090788,1569,3
44.501301818795,1570,1
72.6700446743058,1571,2
79.4609734994129,1572,2
71.6963583710683,1573,2
75.8499723349031,1574,2
72.6188432816741,1575,2
74.0041334334645,1576,2
80.4268333198454,1577,2
76.7116310653965,1578,2
35.0835223449685,1579,1
109.558026557101,1580,3
118.616546782159,1581,3
76.3976296052563,1582,2
107.823426917866,1583,3
102.563555021863,1584,3
73.4735863774561,1585,2
76.5440801655545,1586,2
72.6690856808698,1587,2
76.8569067220519,1588,2
75.7211585905177,1589,2
75.6267267045801,1590,2
111.704023960241,1591,3
106.600411274117,1592,3
106.138956948438,1593,3
108.523050084097,1594,3
105.320080599758,1595,3
39.9645562464957,1596,1
106.639697872612,1597,3
107.211892526229,1598,3
70.5290934181122,1599,2
80.4432026131563,1600,2
38.8294325884803,1601,1
108.224779192912,1602,3
39.3415393237093,1603,1
108.493650304966,1604,3
41.3440456564705,1605,1
111.28123003938,1606,3
36.1186203794286,1607,1
106.683625231914,1608,3
40.0399441154763,1609,1
38.9414253702879,1610,1
115.351574982013,1611,3
74.8846682005147,1612,2
74.2500433469814,1613,2
107.567106178373,1614,3
76.7801572574717,1615,2
76.6400701427173,1616,2
78.2994350241163,1617,2
76.5258641899154,1618,2
74.8897500445279,1619,2
46.6998535976938,1620,1
31.4762229652809,1621,1
109.707715255414,1622,3
109.732196936905,1623,3
112.584958219684,1624,3
108.802955104844,1625,3
36.9333533732978,1626,1
35.4988643493547,1627,1
37.7952589017198,1628,1
105.316498088658,1629,3
113.902312952606,1630,3
107.691742292077,1631,3
107.787760841135,1632,3
39.2529110278414,1633,1
110.253227311574,1634,3
113.165525937862,1635,3
74.7454731443199,1636,2
111.721845678886,1637,3
106.430404761806,1638,3
109.836692874252,1639,3
105.53987595747,1640,3
70.6631605903417,1641,2
109.819043629914,1642,3
105.987944235409,1643,3
41.4903713780253,1644,1
105.459639296877,1645,3
29.5795396734439,1646,1
114.635092591657,1647,3
44.1673275949256,1648,1
74.5233881837346,1649,2
38.0066001466651,1650,1
74.2282826664649,1651,2
75.6923575656141,1652,2
76.1825058993445,1653,2
38.9162288815992,1654,1
78.6077143808869,1655,2
34.9569698692748,1656,1
37.9031994171668,1657,1
116.484227854781,1658,3
121.278687712021,1659,3
53.510886664399,1660,1
120.449440194791,1661,3
117.322358327619,1662,3
115.203952332768,1663,3
74.1964903520603,1664,2
78.7059615738246,1665,2
77.1097683768733,1666,2
79.840947746474,1667,2
111.417419064746,1668,3
73.4818310229546,1669,2
73.2144545906652,1670,2
75.4100177172716,1671,2
75.6449601847568,1672,2
73.0832371627138,1673,2
71.2082836490611,1674,2
79.3651627272725,1675,2
51.1898396917664,1676,1
114.798221777709,1677,3
80.491204567571,1678,2
78.8647778458962,1679,2
38.9113802406196,1680,1
118.021378961962,1681,3
119.115017068142,1682,3
117.271151035634,1683,3
41.9670319936247,1684,1
118.942228479119,1685,3
69.2199449655572,1686,2
45.8440756237687,1687,1
70.4548810344197,1688,2
50.4356033060565,1689,1
78.8245513498764,1690,2
40.4196642904341,1691,1
36.5453816538386,1692,1
77.7091222588959,1693,2
71.2487577462761,1694,2
75.0766816238255,1695,2
75.0764043830914,1696,2
68.6655573889824,1697,2
74.6664136411156,1698,2
76.3322823308888,1699,2
80.62593727604,1700,2
115.734931090069,1701,3
85.7716510784414,1702,2
73.7099075155574,1703,2
76.100149841184,1704,2
75.3505112798166,1705,2
72.965143864514,1706,2
116.788074486076,1707,3
113.93837711065,1708,3
117.707574302386,1709,3
79.2082250170611,1710,2
76.2899916762684,1711,2
73.9330482832307,1712,2
113.292476134935,1713,3
118.444683239148,1714,3
49.1842698712066,1715,1
32.9744902098751,1716,1
104.398341739514,1717,3
111.06712483665,1718,3
68.7798183473219,1719,2
111.53121833876,1720,3
35.546358992408,1721,1
110.04374025692,1722,3
33.1252993098043,1723,1
104.438968386513,1724,3
32.4046599200289,1725,1
113.891818370813,1726,3
98.1422386086935,1727,3
115.920072284427,1728,3
35.1765530423261,1729,1
110.191772971399,1730,3
114.244673289296,1731,3
30.8718868535719,1732,1
36.9551036509113,1733,1
28.1084250249589,1734,1
32.0490730878328,1735,1
68.54491790338,1736,2
110.536000349855,1737,3
32.6051945069541,1738,1
111.991511651652,1739,3
104.309491426868,1740,3
107.14300602967,1741,3
65.8171885351497,1742,2
66.9750444747079,1743,2
63.4214087292982,1744,2
108.065767410033,1745,3
65.876620301825,1746,2
64.5838322069982,1747,2
72.462660518008,1748,2
108.666489654153,1749,3
40.0492715023959,1750,1
71.5744445170865,1751,2
69.8711520050714,1752,2
66.5108023769135,1753,2
62.7056144379914,1754,2
71.0342404670658,1755,2
68.1108950944435,1756,2
73.5918239716691,1757,2
61.582018949053,1758,2
63.825892204379,1759,2
68.6191068205009,1760,2
65.8171574487489,1761,2
64.3731066886226,1762,2
31.3551353825547,1763,1
35.448389601212,1764,1
72.5771320818167,1765,2
26.4057322107771,1766,1
110.817268847055,1767,3
30.545310055565,1768,1
70.341094194813,1769,2
111.962872638818,1770,3
69.9158547398918,1771,2
67.1236247454738,1772,2
63.8444128572462,1773,2
64.4604104800026,1774,2
65.6513620551224,1775,2
73.1404204243392,1776,2
71.0032122398459,1777,2
107.080702984077,1778,3
64.751111479553,1779,2
66.0883059401689,1780,2
110.5136617845,1781,3
116.010598526124,1782,3
106.135641102345,1783,3
111.939481136602,1784,3
100.250126720319,1785,3
107.150984050095,1786,3
104.239163543893,1787,3
107.937974302393,1788,3
108.33826306325,1789,3
110.826101567984,1790,3
101.864954091357,1791,3
109.282563885729,1792,3
28.9482274758374,1793,1
106.767404722209,1794,3
66.6686116155909,1795,2
67.712918019606,1796,2
66.7045505919085,1797,2
29.3018906994632,1798,1
34.7354132630955,1799,1
106.921914586023,1800,3
68.6908633384824,1801,2
69.6077320050762,1802,2
63.8372884772037,1803,2
70.058748063324,1804,2
64.6963795499403,1805,2
66.9220448245786,1806,2
34.4466900933872,1807,1
71.7035230627632,1808,2
63.5404702991082,1809,2
63.9879672517146,1810,2
109.96906854985,1811,3
67.7934398483639,1812,2
71.3905298809684,1813,2
66.8740638452293,1814,2
69.7107289895181,1815,2
24.6951799811198,1816,1
66.1228215033645,1817,2
68.7938710882556,1818,2
61.4110649627169,1819,2
67.3432431279061,1820,2
102.364404910244,1821,3
104.428077565191,1822,3
34.996099910302,1823,1
104.45323518752,1824,3
105.635878676483,1825,3
107.04959009139,1826,3
114.264461447301,1827,3
34.550242355746,1828,1
37.1760445801585,1829,1
68.8015578568285,1830,2
104.286555799906,1831,3
106.124070732594,1832,3
96.7338569666663,1833,3
42.3661032097907,1834,1
110.636535751983,1835,3
101.453838557241,1836,3
106.474112482176,1837,3
67.1362624080284,1838,2
35.3943848704794,1839,1
63.6242272190457,1840,2
110.763791222409,1841,3
30.2745162461325,1842,1
103.736670254649,1843,3
113.441165898397,1844,3
109.003267016182,1845,3
105.676385933695,1846,3
113.571522539822,1847,3
111.93420038107,1848,3
109.927360911933,1849,3
108.715402762554,1850,3
104.703313314372,1851,3
104.605110082185,1852,3
66.5957005652943,1853,2
61.6274700553751,1854,2
64.6657879859811,1855,2
33.1931514076386,1856,1
105.948971022308,1857,3
99.0370620623804,1858,3
107.423194731879,1859,3
102.366800596523,1860,3
63.9288458018389,1861,2
67.1517287279778,1862,2
65.8122394389319,1863,2
67.2676540369515,1864,2
64.5358466197825,1865,2
65.8315967399909,1866,2
63.6558680241186,1867,2
68.1081858431692,1868,2
66.8775115487369,1869,2
37.3053288446506,1870,1
69.6196449761709,1871,2
43.3618076390487,1872,1
76.1638547070551,1873,2
80.3585430106424,1874,2
76.7794122919919,1875,2
76.3250985392725,1876,2
74.7742893311436,1877,2
76.3519437429426,1878,2
50.5440184759024,1879,1
79.4988871388465,1880,2
47.092832396306,1881,1
82.1586910314027,1882,2
78.1022558920912,1883,2
75.7892775282611,1884,2
70.6755889487751,1885,2
84.0177361510117,1886,2
78.4406030109194,1887,2
67.9014671367278,1888,2
77.4462443839704,1889,2
114.93372162143,1890,3
116.287043026085,1891,3
69.1803004995929,1892,2
74.7717996595216,1893,2
79.7839428669012,1894,2
45.4501274289771,1895,1
116.518100559296,1896,3
114.521240314142,1897,3
112.100834618878,1898,3
117.126118919253,1899,3
115.772732304318,1900,3
114.475928952385,1901,3
73.5624237919788,1902,2
77.0348496468998,1903,2
72.8545495827166,1904,2
79.9242080439364,1905,2
76.1486202526798,1906,2
75.3722045715736,1907,2
73.6210482399542,1908,2
114.826615478911,1909,3
112.749892333216,1910,3
114.156167952488,1911,3
76.429845351437,1912,2
74.3630259314744,1913,2
76.908299030999,1914,2
76.5447312743324,1915,2
72.1846660145682,1916,2
63.4535765998429,1917,2
69.7594010522366,1918,2
77.3970938672631,1919,2
74.2015627915862,1920,2
47.1455683739211,1921,1
114.683268756908,1922,3
112.549998791435,1923,3
115.041857880864,1924,3
114.763269045089,1925,3
45.824528395015,1926,1
76.2837078256493,1927,2
78.1583201331512,1928,2
75.0119372330429,1929,2
67.8268760073528,1930,2
71.8646197994227,1931,2
69.9400132495961,1932,2
80.5254234362655,1933,2
118.943493235844,1934,3
120.330409706397,1935,3
114.545654858135,1936,3
121.323958169582,1937,3
51.7742856433605,1938,1
75.1139326341679,1939,2
76.6251310039429,1940,2
119.781239129142,1941,3
115.515554662715,1942,3
69.5900144665067,1943,2
72.1183451555371,1944,2
78.3330820512419,1945,2
74.2511848278404,1946,2
78.302240986125,1947,2
50.0681314320618,1948,1
71.1627856500766,1949,2
74.8281138763952,1950,2
73.5791998636284,1951,2
72.8340299846513,1952,2
71.8308616288532,1953,2
122.153531248984,1954,3
120.20246608037,1955,3
53.855089746227,1956,1
74.950412533506,1957,2
53.7573908212207,1958,1
117.935797539394,1959,3
120.065656756806,1960,3
82.3428205403915,1961,2
71.3658715622137,1962,2
80.725998842666,1963,2
75.4866429412285,1964,2
77.9783822538323,1965,2
78.3653031118336,1966,2
42.2806127059233,1967,1
75.9120801789951,1968,2
72.0469215085269,1969,2
76.5472269253145,1970,2
78.1752960008857,1971,2
32.1654582565846,1972,1
117.204264002057,1973,3
116.544894534536,1974,3
119.856212825768,1975,3
115.902709338072,1976,3
117.739602027358,1977,3
111.048330919782,1978,3
45.5202753014754,1979,1
78.8482840028537,1980,2
77.1951203741653,1981,2
75.9480788594236,1982,2
45.2716969511622,1983,1
113.56119143036,1984,3
120.51658385433,1985,3
115.491357687705,1986,3
121.428494291244,1987,3
112.359821183218,1988,3
113.741309845119,1989,3
77.2952803864761,1990,2
112.742363800572,1991,3
112.119219071654,1992,3
121.082370642352,1993,3
119.092506657478,1994,3
117.115424845473,1995,3
117.012258834952,1996,3
117.013573611825,1997,3
119.837100447025,1998,3
44.3429225371824,1999,1
121.233207548866,2000,3
49.9815796532067,2001,1
115.621582498567,2002,3
115.164531286826,2003,3
116.889867846413,2004,3
116.875002767325,2005,3
117.24723117217,2006,3
118.314820889587,2007,3
74.7706269539018,2008,2
72.4295711339137,2009,2
55.1830003992745,2010,1
46.0877638460175,2011,1
120.785717240603,2012,3
47.0720302865102,2013,1
112.454940697944,2014,3
111.241553487088,2015,3
53.7591109770515,2016,1
47.3047222391277,2017,1
117.366173611917,2018,3
72.4874520887034,2019,2
71.4938789145817,2020,2
76.1648358722872,2021,2
82.863534810569,2022,2
47.6802958733644,2023,1
121.374341125022,2024,3
75.4471943899346,2025,2
81.4122976730919,2026,2
38.752020572843,2027,1
47.6737164835984,2028,1
78.1729990773998,2029,2
75.2602414908419,2030,2
77.3439347081633,2031,2
73.3526695827414,2032,2
76.8089595191039,2033,2
72.099279434727,2034,2
77.6036094715091,2035,2
76.3481789914023,2036,2
77.9353089996053,2037,2
78.7604107929531,2038,2
72.0921162214606,2039,2
79.5122105771548,2040,2
112.289639275759,2041,3
72.3062959357979,2042,2
69.7609319920261,2043,2
76.095276128033,2044,2
76.377515490391,2045,2
78.3762131412831,2046,2
72.7303860048613,2047,2
116.680799575045,2048,3
114.95785847999,2049,3
114.426235416424,2050,3
113.545276215514,2051,3
76.5230951665553,2052,2
76.6276756410939,2053,2
75.7717919369011,2054,2
74.9853180885359,2055,2
76.6948287188792,2056,2
40.9079857795296,2057,1
114.606409173904,2058,3
70.8293836184901,2059,2
49.3247596308957,2060,1
44.5082085967466,2061,1
118.980419121706,2062,3
57.2684216402292,2063,1
79.2039852050387,2064,2
78.3800197855627,2065,2
76.9714450012434,2066,2
117.121793811527,2067,3
78.1536906693402,2068,2
116.055413783266,2069,3
42.4104127284611,2070,1
118.008034323321,2071,3
43.0754948769,2072,1
118.201376768615,2073,3
112.478718927623,2074,3
118.683623549999,2075,3
114.943315394219,2076,3
117.425667171925,2077,3
51.9532195805636,2078,1
47.4364931859718,2079,1
118.908543869345,2080,3
81.1019307677953,2081,2
121.217434685693,2082,3
37.2930044386362,2083,1
121.485946602241,2084,3
119.486773014084,2085,3
118.396059941629,2086,3
78.8624571979958,2087,2
118.268134137631,2088,3
39.276709507933,2089,1
74.9794175884358,2090,2
73.7815570037429,2091,2
73.1270661505508,2092,2
119.128741233878,2093,3
121.06529386624,2094,3
41.51816746336,2095,1
114.243590170253,2096,3
30.6134214468465,2097,1
107.677074311286,2098,3
74.821691156822,2099,2
32.2753231378271,2100,1
77.0819544610103,2101,2
75.7998007250064,2102,2
29.5387471062736,2103,1
112.624158796636,2104,3
32.5020458257986,2105,1
80.3377080836141,2106,2
69.7724269634568,2107,2
80.1295545932968,2108,2
80.1675802747416,2109,2
72.0872429036568,2110,2
77.1621269133038,2111,2
74.0989313070903,2112,2
80.2180871256917,2113,2
72.5757147476763,2114,2
112.359670979466,2115,3
109.338948048918,2116,3
104.632885566285,2117,3
36.7135978481292,2118,1
77.187706213715,2119,2
73.3639203287402,2120,2
69.6047668966898,2121,2
74.3326390269071,2122,2
66.6845340020445,2123,2
72.442412293627,2124,2
71.5995498921964,2125,2
71.5610702067461,2126,2
73.6231552301886,2127,2
76.2614775336773,2128,2
73.9355740274917,2129,2
69.356919447223,2130,2
71.991372749176,2131,2
74.1147138429998,2132,2
74.3195974747951,2133,2
30.1246850846225,2134,1
74.742832936628,2135,2
74.1905560115769,2136,2
74.3154075828068,2137,2
76.3370711223582,2138,2
76.3565577836958,2139,2
80.5483953256265,2140,2
75.4178419063815,2141,2
70.1519198369849,2142,2
69.524969724447,2143,2
113.283966811789,2144,3
26.6316603788966,2145,1
28.6834888846599,2146,1
77.2518756935684,2147,2
75.574764970511,2148,2
112.042666608631,2149,3
100.719412718539,2150,3
104.870330402836,2151,3
33.1379007771537,2152,1
37.2030918330329,2153,1
104.853233447533,2154,3
74.9181598128042,2155,2
76.0192679992609,2156,2
75.5908999203814,2157,2
30.2034336453705,2158,1
97.4712734359775,2159,3
42.2387661369944,2160,1
108.858907359194,2161,3
38.5811980293216,2162,1
38.8736304976382,2163,1
99.5448185887625,2164,3
111.925520228979,2165,3
35.802424032666,2166,1
28.3406245655556,2167,1
77.5056056725802,2168,2
24.2721599191792,2169,1
114.934309030138,2170,3
113.028745103799,2171,3
109.949030223147,2172,3
111.118005054536,2173,3
34.6832525726949,2174,1
25.5848583145301,2175,1
109.641368826296,2176,3
112.96962124709,2177,3
97.5389154762006,2178,3
36.2962189758307,2179,1
113.684356400906,2180,3
71.2307558978106,2181,2
71.5054034850082,2182,2
73.1570191971465,2183,2
113.42180471492,2184,3
30.7133917899767,2185,1
68.7281067626272,2186,2
77.1932247218333,2187,2
105.874429358925,2188,3
112.428365634265,2189,3
72.9752456552866,2190,2
113.792100036019,2191,3
106.643632055309,2192,3
111.165258646953,2193,3
27.750260728464,2194,1
71.2267598609298,2195,2
71.542544999757,2196,2
74.9880865810559,2197,2
69.5269792232797,2198,2
26.5807076132086,2199,1
118.443024093766,2200,3
29.5032197458118,2201,1
114.373251685089,2202,3
112.567651045544,2203,3
107.444458994576,2204,3
108.635431702977,2205,3
108.074995790769,2206,3
96.8232200979997,2207,3
33.6529043122015,2208,1
103.952992582994,2209,3
76.1339483813877,2210,2
36.2755149907435,2211,1
32.9172740083608,2212,1
106.021426253789,2213,3
45.0926920142301,2214,1
32.027147655368,2215,1
82.6775521623777,2216,2
106.726492070729,2217,3
42.5494881554467,2218,1
72.8634148863517,2219,2
42.0986476246087,2220,1
77.9927885511641,2221,2
37.936638784784,2222,1
98.5883530498739,2223,3
103.839994817336,2224,3
110.455716378732,2225,3
113.188040782168,2226,3
38.6342913268375,2227,1
98.1749114351414,2228,3
114.59638864209,2229,3
30.6541999906886,2230,1
73.8353664275176,2231,2
78.9482485042455,2232,2
81.0817396353217,2233,2
75.413767437649,2234,2
111.298749028254,2235,3
26.5224044819004,2236,1
74.8866004123521,2237,2
23.7229786658908,2238,1
100.064779360797,2239,3
40.594387067139,2240,1
108.084823185124,2241,3
109.385563250024,2242,3
26.7667972776477,2243,1
25.3471066695071,2244,1
107.917838715632,2245,3
38.134839556346,2246,1
110.634398947307,2247,3
106.909409583704,2248,3
102.412200382542,2249,3
105.568733835506,2250,3
105.040516591684,2251,3
35.7507503925668,2252,1
71.696596614529,2253,2
42.554021098675,2254,1
34.2563203861808,2255,1
104.557716802128,2256,3
71.5203513306977,2257,2
105.820103680812,2258,3
84.6829026254951,2259,2
104.699447486957,2260,3
34.6289640965619,2261,1
105.133205342612,2262,3
68.8982004100495,2263,2
67.4420468070559,2264,2
101.794177684347,2265,3
102.059781911018,2266,3
107.824890707256,2267,3
105.694908937634,2268,3
106.315633996428,2269,3
76.3387052188949,2270,2
73.3180547709629,2271,2
70.8940021431213,2272,2
71.4816332611902,2273,2
123.171161902518,2274,3
99.371558949436,2275,3
70.3181726140253,2276,2
112.640017417468,2277,3
105.673993890658,2278,3
109.585261272135,2279,3
107.938099092643,2280,3
34.8075724681732,2281,1
101.042355917323,2282,3
100.502522676655,2283,3
116.806423149767,2284,3
102.66171730459,2285,3
73.8055471253149,2286,2
76.5148115299576,2287,2
68.5202850149979,2288,2
76.2508479596784,2289,2
68.0527995695287,2290,2
70.5113824840589,2291,2
106.772691767605,2292,3
78.9595832821729,2293,2
67.8240103575394,2294,2
76.9022391881437,2295,2
30.1207972510847,2296,1
36.8112428086247,2297,1
99.3888610547419,2298,3
110.420614250229,2299,3
77.094056290607,2300,2
103.82246422069,2301,3
33.7146161634899,2302,1
34.1797055668246,2303,1
111.55893766457,2304,3
40.3951900409368,2305,1
72.2793244126248,2306,2
75.5622386012893,2307,2
73.006321129384,2308,2
74.6781803680831,2309,2
69.116454174236,2310,2
35.8431906161674,2311,1
76.1352763632708,2312,2
110.386695920879,2313,3
110.438863546424,2314,3
106.264715249089,2315,3
36.9060976054866,2316,1
103.437661896668,2317,3
105.711221424664,2318,3
76.9851735632774,2319,2
76.1189979944532,2320,2
102.925607238324,2321,3
105.710019605575,2322,3
75.3654144500115,2323,2
104.359181416268,2324,3
42.3156087888976,2325,1
100.606708088306,2326,3
32.6258984727197,2327,1
108.823118254344,2328,3
110.03876975874,2329,3
41.9271155748961,2330,1
114.151095585269,2331,3
32.2544828379786,2332,1
79.7992156652201,2333,2
74.2366888976313,2334,2
76.5145328780656,2335,2
74.2574892939141,2336,2
110.302845513017,2337,3
76.9289640381752,2338,2
36.0938866131708,2339,1
99.3583039591744,2340,3
105.230752109867,2341,3
97.6164139603088,2342,3
32.018182184416,2343,1
117.699136326137,2344,3
113.810228396706,2345,3
52.0902696610264,2346,1
42.243378173949,2347,1
47.6509673011092,2348,1
118.140400104665,2349,3
113.61797271015,2350,3
45.4571977300809,2351,1
71.310115951577,2352,2
79.1330377542285,2353,2
79.7673098070208,2354,2
75.3410835463404,2355,2
77.2742254055404,2356,2
78.9690727055478,2357,2
52.5874120605414,2358,1
74.7499966265802,2359,2
120.667676775492,2360,3
116.498995442844,2361,3
77.4326575834238,2362,2
76.5005655522716,2363,2
77.4585504233464,2364,2
77.9883769065453,2365,2
116.50432097357,2366,3
109.983284369918,2367,3
116.652936716319,2368,3
79.4071513345284,2369,2
77.0557334514852,2370,2
112.968955423649,2371,3
115.45249643828,2372,3
45.8318779766937,2373,1
115.601879008235,2374,3
115.93388906694,2375,3
122.236059742647,2376,3
115.239686943766,2377,3
119.622976697288,2378,3
36.0920123708194,2379,1
75.5117670398951,2380,2
117.051965957826,2381,3
121.534759652974,2382,3
39.9960208244599,2383,1
69.0899060530856,2384,2
119.202977733084,2385,3
48.3732214202604,2386,1
117.873175875556,2387,3
114.810717718982,2388,3
120.458284364763,2389,3
70.3872190187044,2390,2
74.7035281463008,2391,2
44.4124895821495,2392,1
54.4271671063223,2393,1
81.5050832595399,2394,2
75.0269086561231,2395,2
80.4169801390185,2396,2
116.657420598849,2397,3
114.096146668793,2398,3
120.795825894337,2399,3
53.3474390635904,2400,1
81.6942265386428,2401,2
75.682291564507,2402,2
49.9098101692601,2403,1
76.8520053220322,2404,2
69.4985193342313,2405,2
50.9227983125092,2406,1
110.662247771711,2407,3
117.556626991476,2408,3
115.849107212465,2409,3
120.109103225931,2410,3
118.576561712498,2411,3
120.390881295931,2412,3
40.8580431031965,2413,1
118.105758541802,2414,3
117.401607926564,2415,3
114.258419420129,2416,3
74.5935420733976,2417,2
37.5222691835949,2418,1
80.4078922628733,2419,2
48.0843436903093,2420,1
73.5811043132741,2421,2
80.2391927962113,2422,2
71.9147379192827,2423,2
78.3200575104746,2424,2
113.590747895649,2425,3
116.826620955575,2426,3
76.1815526606908,2427,2
79.6743924961427,2428,2
71.4183934767217,2429,2
68.0058190679161,2430,2
80.812884512667,2431,2
116.560966415151,2432,3
119.49620052913,2433,3
50.5767694115633,2434,1
45.6381343478044,2435,1
119.254326317614,2436,3
69.0494315680752,2437,2
77.3327534920315,2438,2
75.7428763848063,2439,2
41.0645361165246,2440,1
115.695267230615,2441,3
115.728799997348,2442,3
114.497852302844,2443,3
117.589152455209,2444,3
115.051082256392,2445,3
113.652814977749,2446,3
114.25167392428,2447,3
47.1532994618305,2448,1
117.32385559625,2449,3
114.188421118583,2450,3
77.5428410266176,2451,2
114.26445797594,2452,3
39.985896112812,2453,1
118.525409657755,2454,3
36.528620937107,2455,1
115.727685690395,2456,3
118.65600076307,2457,3
41.4326307289633,2458,1
42.6745013461017,2459,1
49.9990606014337,2460,1
119.27023791075,2461,3
81.4226697511813,2462,2
81.993783887885,2463,2
72.5695060387687,2464,2
49.2141027018259,2465,1
119.00529611362,2466,3
43.3255110338837,2467,1
74.2704322681303,2468,2
75.8133591364224,2469,2
116.548618261361,2470,3
119.773963254077,2471,3
75.1022701175624,2472,2
76.5152610238841,2473,2
115.530322707838,2474,3
118.213353743494,2475,3
77.6145610624131,2476,2
47.3934222994854,2477,1
118.71900200646,2478,3
110.829952807187,2479,3
121.129627588112,2480,3
117.678710709379,2481,3
117.58480968963,2482,3
116.859491478493,2483,3
41.0593393282416,2484,1
116.722598335953,2485,3
115.324791786412,2486,3
115.950638060145,2487,3
31.3737165223634,2488,1
69.9051760546309,2489,2
72.6572798453956,2490,2
72.2718360672985,2491,2
73.6221150444186,2492,2
71.4181089980458,2493,2
102.424554040235,2494,3
107.493089118916,2495,3
109.450345117873,2496,3
107.681466414019,2497,3
37.6636832825687,2498,1
108.156435090012,2499,3
104.953416022081,2500,3
115.462510431008,2501,3
112.035824395914,2502,3
37.2369499600457,2503,1
74.7294771956049,2504,2
76.845105020727,2505,2
73.3924559176239,2506,2
73.1561783941275,2507,2
107.275183976528,2508,3
103.259710602662,2509,3
114.711028288921,2510,3
112.259263001057,2511,3
115.334710653849,2512,3
38.9355605862219,2513,1
113.213004386722,2514,3
105.473032786546,2515,3
101.915093440871,2516,3
101.81811171912,2517,3
74.0139302190163,2518,2
29.1107815502182,2519,1
110.129654445714,2520,3
104.677840966098,2521,3
104.846683130232,2522,3
70.4601344085789,2523,2
68.2904830634306,2524,2
72.9102952573274,2525,2
74.8089689746983,2526,2
66.9797641891633,2527,2
78.095819869722,2528,2
78.3516152910985,2529,2
35.9489815846603,2530,1
78.2025282164878,2531,2
76.3345331757524,2532,2
71.4794628939758,2533,2
36.0420286070639,2534,1
108.55751690767,2535,3
108.121088503398,2536,3
29.7597783977935,2537,1
77.5247099517869,2538,2
75.2037820413959,2539,2
70.7807275915852,2540,2
66.6343707016917,2541,2
79.3911082065693,2542,2
79.4182933442017,2543,2
73.162474776054,2544,2
79.0310680144688,2545,2
75.5451656224896,2546,2
69.7993755517062,2547,2
36.7381984571604,2548,1
109.307168255315,2549,3
111.211079930227,2550,3
107.271495410516,2551,3
101.552739550715,2552,3
103.221281725787,2553,3
113.885030103918,2554,3
105.547612749623,2555,3
117.145309417228,2556,3
111.210386211032,2557,3
105.400011540562,2558,3
105.659879246522,2559,3
75.0781771110432,2560,2
67.9426387271398,2561,2
31.0716384020938,2562,1
105.47687674709,2563,3
110.678135376534,2564,3
38.8636586239794,2565,1
73.4698074723773,2566,2
105.915269654119,2567,3
106.455653063629,2568,3
79.3531466578367,2569,2
103.798982652826,2570,3
73.6050770941377,2571,2
78.4270822340466,2572,2
37.177833099589,2573,1
95.9788657503205,2574,3
74.940712581273,2575,2
36.7225867949512,2576,1
106.055007944043,2577,3
109.087764387113,2578,3
100.932627348419,2579,3
114.048825339532,2580,3
108.286491942228,2581,3
114.925241476619,2582,3
63.5804636686023,2583,2
76.2634251146686,2584,2
69.1019857660425,2585,2
73.6669997208986,2586,2
103.048692248228,2587,3
36.803554963129,2588,1
69.6115298829204,2589,2
74.3958697754395,2590,2
76.8188581745787,2591,2
78.4580853175301,2592,2
76.1084838303099,2593,2
75.3483856406548,2594,2
81.3068290657737,2595,2
112.691357473174,2596,3
103.738417273212,2597,3
107.740935738239,2598,3
74.5214149223461,2599,2
75.2234664720541,2600,2
39.5814720607627,2601,1
102.726760014312,2602,3
36.1611847111307,2603,1
34.1555290787778,2604,1
112.054383447668,2605,3
40.5857251737809,2606,1
113.150759431996,2607,3
35.2466836037071,2608,1
81.9766390327489,2609,2
72.7756512956575,2610,2
33.7049081966179,2611,1
112.313852602769,2612,3
108.785210095534,2613,3
69.8884930546901,2614,2
72.8367905987614,2615,2
104.595112222883,2616,3
38.3380624755323,2617,1
47.3056366919782,2618,1
114.999032630924,2619,3
64.1858592425304,2620,2
34.8104379155609,2621,1
31.4529131700758,2622,1
107.516252228556,2623,3
107.480777441401,2624,3
98.6776877276836,2625,3
32.9837433041694,2626,1
76.0394394747456,2627,2
68.3509001447724,2628,2
120.728799800611,2629,3
32.7947575368621,2630,1
21.3083161708763,2631,1
40.4455842291682,2632,1
109.013434936709,2633,3
108.807817239663,2634,3
100.211486999932,2635,3
68.9921870650413,2636,2
70.2737599352248,2637,2
74.0349388374781,2638,2
30.2273739527311,2639,1
113.502789178751,2640,3
103.4887960484,2641,3
110.392624034747,2642,3
110.003062620061,2643,3
110.590853871277,2644,3
30.4005254051703,2645,1
100.881139905737,2646,3
75.0898814487154,2647,2
71.1390744074838,2648,2
76.1197136170502,2649,2
78.3693204860804,2650,2
74.7559361497438,2651,2
79.8587923441864,2652,2
71.142404484666,2653,2
76.1249830635884,2654,2
70.0656873611948,2655,2
78.7961588699912,2656,2
75.4512623593983,2657,2
102.980833528007,2658,3
109.412252460638,2659,3
102.499870415712,2660,3
98.4645102649564,2661,3
29.0972869552734,2662,1
35.0113016392868,2663,1
108.77427285123,2664,3
41.6568727349098,2665,1
119.84714894169,2666,3
106.308604094908,2667,3
100.460797960241,2668,3
110.748949253355,2669,3
77.5907736378145,2670,2
70.8779747047294,2671,2
76.8539793824927,2672,2
74.1089234020274,2673,2
77.7121940107558,2674,2
80.725024575814,2675,2
100.267571112042,2676,3
105.72231406697,2677,3
103.130688781203,2678,3
21.055633017938,2679,1
76.247248951214,2680,2
76.8715048241168,2681,2
78.4068799170443,2682,2
33.6347088198366,2683,1
104.019679901003,2684,3
110.20942116774,2685,3
109.567881801621,2686,3
101.257592939636,2687,3
111.737413946422,2688,3
113.717689438266,2689,3
114.236845158925,2690,3
109.391461327301,2691,3
74.311269259822,2692,2
81.2944673392887,2693,2
73.6896892669903,2694,2
73.2057084734941,2695,2
76.1789679664546,2696,2
106.379993228426,2697,3
77.3132689765523,2698,2
72.7249205678029,2699,2
74.2661429292645,2700,2
99.8135968397281,2701,3
74.6301565019505,2702,2
71.7891585599991,2703,2
107.632125846999,2704,3
27.4062206692759,2705,1
103.682430150141,2706,3
69.342892138216,2707,2
70.4827998593084,2708,2
64.836874664129,2709,2
104.988891516999,2710,3
104.807352797215,2711,3
66.467927684638,2712,2
68.2100855013766,2713,2
108.173856328329,2714,3
104.910452109737,2715,3
110.333270890209,2716,3
64.6860377629663,2717,2
67.3438861807459,2718,2
68.0068150638426,2719,2
67.2519004482974,2720,2
24.0242184716044,2721,1
104.200418382272,2722,3
103.930784217688,2723,3
33.4041126264341,2724,1
26.3729210584323,2725,1
105.248918051093,2726,3
107.607095887882,2727,3
66.4173650951724,2728,2
62.4502365110753,2729,2
66.338056639622,2730,2
116.120457178124,2731,3
69.0393912218532,2732,2
37.2906535316146,2733,1
107.617782746953,2734,3
34.9102241765555,2735,1
34.0864923105041,2736,1
65.4753365586361,2737,2
34.5628529958511,2738,1
66.6970471231263,2739,2
66.9310200332265,2740,2
64.0601702516176,2741,2
70.0262680629293,2742,2
69.5434715594639,2743,2
68.1298500788755,2744,2
66.8604409309543,2745,2
32.1654410560278,2746,1
108.940160817858,2747,3
115.317373520958,2748,3
30.4262961570699,2749,1
120.952009631617,2750,3
24.7708515169489,2751,1
103.983558229985,2752,3
67.2151867113109,2753,2
24.8380963182028,2754,1
103.996759026136,2755,3
35.9567390589569,2756,1
34.4425280403112,2757,1
70.2035086629139,2758,2
103.200637279251,2759,3
23.7662403475089,2760,1
101.043853642657,2761,3
32.3015631882983,2762,1
108.721500371458,2763,3
107.227986294732,2764,3
101.019031929076,2765,3
33.9758365614712,2766,1
99.8398207110976,2767,3
107.934803855034,2768,3
25.4107008331451,2769,1
103.035586559893,2770,3
107.898684127272,2771,3
105.474664285625,2772,3
115.744635869372,2773,3
112.126384017015,2774,3
109.348078155057,2775,3
110.941341391365,2776,3
102.502924371458,2777,3
36.6963910402911,2778,1
62.662573742792,2779,2
112.156061087889,2780,3
109.462781017102,2781,3
33.9931600115384,2782,1
106.83341782736,2783,3
109.962777682287,2784,3
31.3067750443037,2785,1
109.35183677037,2786,3
106.591301971919,2787,3
72.255910007545,2788,2
64.1944174781085,2789,2
68.7516880699389,2790,2
105.956618907036,2791,3
62.107398018604,2792,2
62.2949161848158,2793,2
32.4457902647843,2794,1
70.3060732824252,2795,2
114.131774665557,2796,3
107.847552687803,2797,3
109.28641431869,2798,3
105.667100277726,2799,3
31.8481222476966,2800,1
73.5984168092038,2801,2
70.1103662332855,2802,2
24.5908451135432,2803,1
65.6048324940333,2804,2
104.317225277416,2805,3
31.1212270254481,2806,1
103.933852807561,2807,3
101.501564898347,2808,3
107.877325303927,2809,3
107.647478348813,2810,3
70.3800330989844,2811,2
67.6229881130602,2812,2
97.5453085645585,2813,3
102.661519722073,2814,3
36.1522411357328,2815,1
105.937087732555,2816,3
110.904419879343,2817,3
112.431542253383,2818,3
102.376799751039,2819,3
113.123979732717,2820,3
30.103498574342,2821,1
65.2528160633887,2822,2
36.5148360727939,2823,1
108.902135854104,2824,3
69.3007597644061,2825,2
39.6425429747335,2826,1
107.829096145723,2827,3
104.049276052358,2828,3
100.745582299256,2829,3
63.8224272079878,2830,2
64.2338856597166,2831,2
69.6863094794924,2832,2
66.6461148761025,2833,2
68.8696189119697,2834,2
66.3584363229581,2835,2
66.2897247577407,2836,2
62.3855991430712,2837,2
66.1004763522983,2838,2
109.198514971121,2839,3
36.1178105506966,2840,1
108.970944035263,2841,3
107.331623091032,2842,3
107.453710724966,2843,3
109.855160310323,2844,3
108.572363751862,2845,3
67.1580043923885,2846,2
62.0809302122834,2847,2
68.23764559211,2848,2
67.8785637678299,2849,2
33.9301998332639,2850,1
68.2235448654773,2851,2
64.9204126088052,2852,2
69.4344731171094,2853,2
63.9372019406549,2854,2
67.6986707945626,2855,2
66.2126886429487,2856,2
69.5496866311478,2857,2
106.467515345166,2858,3
30.4525707423142,2859,1
110.577767157538,2860,3
107.045496410742,2861,3
27.7192363472947,2862,1
72.8680588307215,2863,2
69.4202046965421,2864,2
64.8113401978066,2865,2
68.106284162392,2866,2
112.33419914408,2867,3
32.3812181324426,2868,1
103.993543575209,2869,3
112.562738826996,2870,3
106.751822887574,2871,3
39.0683185423306,2872,1
26.8628966280662,2873,1
113.083283986825,2874,3
104.218472298159,2875,3
108.797650530236,2876,3
66.736387338331,2877,2
68.4513233052629,2878,2
72.0397146380362,2879,2
70.4754346489181,2880,2
66.4972900161944,2881,2
115.315143750282,2882,3
29.7222482122727,2883,1
104.028961673203,2884,3
37.1163111810509,2885,1
108.239338314431,2886,3
111.315804010099,2887,3
27.1423715667255,2888,1
107.881554189784,2889,3
70.4647486625942,2890,2
69.8487943010183,2891,2
30.0136516079374,2892,1
64.319310023084,2893,2
35.87356191142,2894,1
27.9697605630443,2895,1
70.0790239199384,2896,2
68.3660373552612,2897,2
67.6515943194698,2898,2
68.2483446623817,2899,2
111.934920951878,2900,3
61.5904791490756,2901,2
107.335850463514,2902,3
102.748974695945,2903,3
33.2149044109331,2904,1
108.15386471771,2905,3
40.3863736648233,2906,1
29.3723336676191,2907,1
65.0471508952308,2908,2
63.4876826360789,2909,2
70.417074465178,2910,2
69.3078010100802,2911,2
113.838131511941,2912,3
34.6015648044904,2913,1
67.2270962237553,2914,2
36.0961562631175,2915,1
109.334971298318,2916,3
105.329322598285,2917,3
103.14739908219,2918,3
101.631054170417,2919,3
38.5902967834053,2920,1
104.320067468502,2921,3
105.670057053798,2922,3
106.705251238841,2923,3
36.5447219056879,2924,1
66.4015958621118,2925,2
33.5655165905398,2926,1
109.670645017414,2927,3
108.094992081446,2928,3
65.6956829770572,2929,2
66.6888781288825,2930,2
66.4599711527707,2931,2
64.5242194153738,2932,2
64.8251159893504,2933,2
105.77351415297,2934,3
64.5843821790174,2935,2
66.417081493994,2936,2
70.2710161895021,2937,2
70.6267447995947,2938,2
72.0076178871414,2939,2
69.4703049085712,2940,2
37.8041717866434,2941,1
109.069187586434,2942,3
100.435897094254,2943,3
36.6186946430265,2944,1
106.513756336643,2945,3
32.6706550708762,2946,1
20.0079492979597,2947,1
35.3175445104956,2948,1
64.1280533225549,2949,2
107.785340079797,2950,3
109.677938158442,2951,3
67.681519900901,2952,2
71.3530476778529,2953,2
69.0124605733571,2954,2
31.280791267482,2955,1
108.556874945134,2956,3
72.9488705056133,2957,2
105.905871208263,2958,3
69.0393515550787,2959,2
63.8102858228571,2960,2
70.9231923569193,2961,2
107.132136269421,2962,3
104.02875848886,2963,3
108.492605170992,2964,3
68.0227400249018,2965,2
70.1452047755569,2966,2
67.8437857366093,2967,2
106.765283484324,2968,3
104.925003612896,2969,3
66.456469231012,2970,2
65.3383384124545,2971,2
67.7613279678484,2972,2
107.614131566162,2973,3
67.5345536582519,2974,2
67.5328230716953,2975,2
65.3268982017581,2976,2
106.014810661313,2977,3
110.798048948989,2978,3
103.675465483866,2979,3
106.168393670963,2980,3
29.3699235625317,2981,1
107.146298954838,2982,3
114.376372362469,2983,3
108.049341121917,2984,3
113.926479880101,2985,3
102.443384166008,2986,3
66.4085479959026,2987,2
70.4102124821043,2988,2
70.3079260732956,2989,2
68.1159661857672,2990,2
63.9933532276541,2991,2
69.8799499182697,2992,2
106.922381135624,2993,3
30.3118835949815,2994,1
108.959942833939,2995,3
23.4828948511651,2996,1
73.2168689141687,2997,2
38.8131224173248,2998,1
112.196157664179,2999,3
100.030340583781,3000,3
