"state","S1","S2","S3","executionTime"
3,0,0,1,118.926698223792
2,0.00142392983705195,0.998576070162948,7.38110601072279e-42,47.2387933207105
3,6.88993947104286e-14,5.40577952855357e-23,0.999999999999931,121.468090909024
3,1.80366487211295e-12,2.91690638629646e-21,0.999999999998196,116.660779726714
1,0.998905887812563,0.00109411218743666,4.1735905434451e-19,67.8611552097911
1,0.999998896049341,1.10390236223212e-06,4.82970987791626e-11,79.100150522162
1,0.99999024980033,9.75019966241978e-06,7.56540644538377e-15,74.183203319305
1,0.999997731257111,2.2687403670832e-06,2.52209300148911e-12,77.4079909678665
3,1.27368345201696e-10,4.67439810703523e-20,0.999999999872632,114.42525101042
2,5.46404246291225e-05,0.999945359575371,8.03742908016941e-48,43.0655866713714
3,1.13242218488764e-10,9.53242589615968e-20,0.999999999886758,112.73500859055
3,6.33597681723414e-11,1.17136095069069e-19,0.99999999993664,112.721754777968
3,7.79490307536057e-14,1.29997952880895e-22,0.999999999999922,120.522591840721
1,0.999988770382027,1.1229598673761e-05,1.92993975091062e-11,77.2684704299886
1,0.999998066863241,1.93313192319157e-06,4.83569296665977e-12,77.7778519020509
3,1.38362610706105e-10,5.09514242439385e-20,0.999999999861637,114.334339415697
3,7.57341129407459e-13,1.2156686949303e-21,0.999999999999243,117.686233676148
1,0.999953825912047,4.61740878838948e-05,6.94018422804938e-14,74.1478599685157
1,0.999990818745138,9.18125485219524e-06,9.5755495874547e-15,74.3114577443859
3,1.35652163504722e-11,4.6936382141988e-21,0.999999999986435,116.969352221147
3,1.11954138685483e-12,1.80064156066669e-21,0.999999999998881,117.220789587137
3,5.52264085359286e-12,9.15955246380676e-21,0.999999999994477,115.378741790939
1,0.999995368247898,4.63102235175254e-06,7.29750240873261e-10,79.3521312418575
1,0.999998905452222,1.09449773863765e-06,5.00391133122981e-11,79.1206926902137
1,0.999998509420115,1.49056588139194e-06,1.4003662860501e-11,78.3859149709512
2,0.000177300643535738,0.999822699356464,8.45087669258571e-49,42.6174791877246
3,3.72667157031148e-11,2.96087592707428e-20,0.999999999962733,113.923747106507
3,1.63686079293814e-10,3.21244969587109e-19,0.999999999836314,111.733497145389
3,4.12525451339885e-12,6.78613850251843e-21,0.999999999995875,115.708809224634
2,0.00467719286267948,0.995322807137321,1.174287516836e-39,48.8275246172855
3,4.95027735225927e-13,3.64279582257902e-22,0.999999999999505,118.928200592242
3,3.90161499350095e-11,7.02143733773321e-20,0.999999999960984,113.235884111397
1,0.999906810401561,9.31895984344987e-05,4.53158761548762e-15,72.6779541381354
3,2.75252351999801e-12,9.53982962977997e-22,0.999999999997248,118.893995876229
2,8.4455108312659e-06,0.999991554489169,3.37260449838744e-51,40.7782880348107
3,8.23159630117251e-11,6.80582848665364e-20,0.999999999917684,113.072612047248
3,1.52944102919578e-13,2.49810941651424e-22,0.999999999999847,119.657243021116
3,5.33467267029094e-12,8.83869742120363e-21,0.999999999994665,115.417772975077
1,0.999954098870429,4.59011294999939e-05,7.10318351463465e-14,74.1604811308113
3,3.35798100573649e-11,1.18048001651776e-20,0.99999999996642,115.919114214359
1,0.999969554459907,3.04455397354449e-05,3.57132130918532e-13,75.0434606414956
3,1.40558689424646e-12,4.93670022724537e-22,0.999999999998594,119.737481794697
3,1.53229931567811e-13,2.50266303313841e-22,0.999999999999847,119.654876345419
2,0.00196208920857437,0.998037910791426,2.88307268778525e-41,47.6630700309411
3,7.56604944858732e-13,5.54221137747914e-22,0.999999999999243,118.405590382925
2,9.89759999290649e-06,0.999990102400007,6.51592381221764e-51,40.9699991433851
2,3.84064619514495e-05,0.999961593538049,8.44360146747088e-50,41.6626497573246
1,0.999996207200422,3.79276353459731e-06,3.60431482206228e-11,77.960683562479
3,3.37738081297202e-11,1.18746249016536e-20,0.999999999966226,115.912532599227
3,4.49015267769649e-13,7.21492357893432e-22,0.999999999999551,118.318276713373
3,1.03883267565441e-11,1.76025555116354e-20,0.999999999989612,114.673417641197
3,2.91329160614283e-12,4.75281175841964e-21,0.999999999997087,116.106141533096
2,0.000696588398309727,0.99930341160169,3.56749882831656e-43,46.3022457036608
1,0.999978223020311,2.17769796554062e-05,3.35122817594621e-14,74.0746389414443
1,0.999942400732443,5.75992675568563e-05,8.16811055008334e-18,70.5507957918456
1,0.999942363340375,5.7636659625244e-05,8.1480939537518e-18,70.5495195824571
1,0.999989777869617,1.02221303766625e-05,6.28750078144608e-15,74.0826380677231
3,4.80549843864791e-12,1.65694551317396e-21,0.999999999995195,118.209760982104
3,6.99253965854486e-13,1.12229350446615e-21,0.999999999999301,117.781999465354
3,1.56002530270886e-12,2.51781308062611e-21,0.99999999999844,116.830290555702
3,1.22030284316681e-13,2.00522757106891e-22,0.999999999999878,119.944682783055
2,0.070024522932275,0.929975477067725,1.65570881889372e-34,52.6728323532892
1,0.99999890625787,1.08722013328223e-06,6.52199719036238e-09,80.98906459664
1,0.999978491198809,2.15088011910975e-05,3.50290523154553e-16,72.5292845617157
1,0.999694867692262,0.000305132307737612,1.63165502433827e-20,67.3781866289305
2,0.255761074144566,0.744238925855434,5.77166571353021e-35,52.6437647651142
3,8.57021648640292e-11,7.10147245550914e-20,0.999999999914298,113.02978899742
3,8.21767903580105e-12,1.38063059524745e-20,0.999999999991782,114.933586378411
3,2.9491403439014e-10,6.03317329805925e-19,0.999999999705086,111.131980723152
3,3.93908228122154e-12,6.4721455315177e-21,0.999999999996061,115.7613205058
1,0.999994552539389,5.44708814453482e-06,3.72466222023222e-10,78.9619811462482
1,0.99999685413128,3.14586804680718e-06,6.73374232837522e-13,76.6631054044457
1,0.999986716855564,1.3283144433628e-05,2.26292484613313e-15,73.5294706445354
2,0.0611822755499332,0.938817724450067,5.61256672604981e-38,50.3137597444174
3,8.23513161966236e-11,6.80891109767911e-20,0.999999999917649,113.072155685763
1,0.999991368149253,8.63179450569607e-06,5.62413515638084e-11,77.8760381554356
1,0.999998725735244,1.27423806192774e-06,2.6693778651298e-11,78.7572335303187
1,0.804622245703367,0.195377754296633,7.75622207602963e-31,56.28820797529
3,1.45203773469448e-11,5.0281061247121e-21,0.99999999998548,116.88947487759
3,5.11815841567955e-14,8.68624832705701e-23,0.999999999999949,121.07426786874
1,0.999996234128517,6.61645469322136e-07,3.10422601347392e-06,84.3817324611212
1,0.999982284240963,1.77157590358809e-05,7.40649818333303e-16,72.9292160764607
1,0.999998916096045,1.08385184783893e-06,5.21068004361991e-11,79.1441735316433
2,0.0477229557476818,0.952277044252318,1.84569812971683e-38,49.9529582879969
2,0.0101205291149358,0.989879470885064,1.36469759585874e-39,48.815841729931
2,6.35091718648095e-06,0.999993649082814,4.84529837583185e-53,39.4963710336083
2,0.00888891391730311,0.991111086082697,7.8150076097485e-40,48.6395607662166
2,3.66312646044437e-06,0.99999633687354,4.99487446763777e-54,38.8458410250316
3,8.80105330622344e-12,6.62654660004372e-21,0.999999999991199,115.522377111435
2,0.000135368355231802,0.999864631644768,3.5923078767813e-46,44.202676791614
3,1.07925674308485e-11,8.17525134878909e-21,0.999999999989208,115.292402148965
1,0.999932560507189,6.74394927954748e-05,1.58448890443872e-14,73.3488944665614
2,9.11092978689007e-07,0.999999088907021,2.9201680917663e-58,36.3608153980734
3,5.71097555277897e-13,4.19467649229008e-22,0.999999999999429,118.751233854337
1,0.99998682015927,1.31798306274061e-05,1.01021141783541e-11,76.9030900064128
1,0.999998845376111,1.15458377909348e-06,4.01097220708535e-11,78.9925546656734
1,0.999996765990435,3.23400896215673e-06,6.02553612310892e-13,76.6007505172319
1,0.999988339802391,1.1660197605824e-05,3.75967374672704e-15,73.803801555084
1,0.999957568882437,4.24311175627733e-05,2.60222626320388e-17,71.1556929786528
3,7.05767681022639e-13,2.53448568580994e-22,0.999999999999294,120.624360977994
3,4.83829861486206e-12,7.99371332855431e-21,0.999999999995162,115.528068318532
3,4.87535240082956e-12,8.05667145626354e-21,0.999999999995125,115.51944093605
3,3.79880910340678e-13,6.11170271631694e-22,0.99999999999962,118.522818013268
2,0.000106146677411341,0.999893853322589,1.29539015103566e-46,43.8961602721083
3,1.01662199242147e-10,8.50481668029356e-20,0.999999999898338,112.848874709892
3,4.62767982110023e-15,9.36888959852687e-24,0.999999999999995,124.423798676684
3,4.20554417498631e-11,7.59874512574332e-20,0.999999999957945,113.155916678597
3,2.97183460702779e-12,4.85041125493592e-21,0.999999999997028,116.083302254077
1,0.99998585712556,1.41428668374541e-05,7.60281350930705e-12,76.7432076298982
2,0.000139000812043059,0.999860999187957,3.06121436992127e-49,42.3171508363254
3,9.68484635407666e-12,7.3121880062593e-21,0.999999999990315,115.414323229911
1,0.999993184365381,6.81548669243801e-06,1.47927135807179e-10,78.4295897460059
2,0.344148642938906,0.655851357061094,3.189406358248e-34,53.250330183771
3,2.82125699494977e-12,1.94334307019042e-21,0.999999999997179,116.906966804759
2,6.84447692731921e-05,0.999931555230727,2.06187826361447e-47,43.3462850663685
3,4.02346104566305e-13,2.97070755196716e-22,0.999999999999598,119.186444343352
2,3.93787338518433e-05,0.999960621266148,2.04571753093679e-48,42.6592895082266
1,0.999992142167729,7.85783037696323e-06,1.89407699864012e-12,76.2969075414993
1,0.999997258743386,2.74125544166377e-06,1.17278073556865e-12,76.9751927030004
2,0.000379537954888829,0.999620462045111,2.03729498678366e-47,43.5646673069213
1,0.999994762634395,5.23735590076614e-06,9.70391293077403e-12,77.2151490074834
1,0.999995686682649,4.31331716124404e-06,1.90116114182355e-13,75.9564177240609
3,1.89834541804179e-10,7.08699270461533e-20,0.999999999810165,113.988967305941
2,0.00328612599338838,0.996713874006612,2.59615207374646e-40,48.3516111856629
3,1.51769810959075e-14,1.32250608876083e-23,0.999999999999985,123.560790451849
3,2.46564208665277e-12,4.0088356904574e-21,0.999999999997534,116.298200617447
1,0.999994985843285,5.01363174284798e-06,5.2497256800486e-10,79.1608167332071
3,9.41702719511492e-13,3.34675310373869e-22,0.999999999999058,120.250237240796
2,8.57725079917051e-05,0.999914227492008,5.30343728409434e-47,43.6285735699063
1,0.999992383209781,7.61678807252741e-06,2.14599421924812e-12,76.3667046323531
1,0.999985063174441,1.49368255571462e-05,1.43441029842646e-15,73.2839108122831
1,0.999980044043989,1.99559560101961e-05,4.67603996873454e-16,72.6833367374134
1,0.999978670673542,2.1329326457416e-05,3.61781984055019e-16,72.5464848219436
3,7.72134575300293e-12,2.66114208357129e-21,0.999999999992279,117.637646622516
2,9.60355680342986e-05,0.999903964431966,8.515063660354e-47,43.7703547152613
1,0.87794375308838,0.12205624691162,4.05858803966742e-28,58.3006472820845
1,0.999981370125377,1.86298746226526e-05,6.0976165773566e-16,72.8251610809836
1,0.999990139837427,9.86016256545296e-06,7.24034771652016e-15,74.1593217039874
3,1.16277479267662e-09,4.796456389603e-19,0.999999998837225,112.064855407526
1,0.999998576559782,1.18306633385335e-06,2.40373884168048e-07,82.8039178860097
1,0.999981817416451,1.81825835484777e-05,6.69796278216064e-16,72.8753929757774
1,0.999994792355446,5.2076444647874e-06,8.9775683880156e-14,75.5401581103863
1,0.999979304062292,2.06959377079582e-05,4.06349821283065e-16,72.6084191791561
3,4.61118514580753e-09,2.09802938681719e-18,0.999999995388815,110.659603745433
3,1.51780900213555e-09,3.5435919737737e-18,0.999999998482191,109.501009264354
1,0.999969378374601,3.06216250500084e-05,3.49085154170919e-13,75.0309315265295
1,0.999994340484315,5.65951562043788e-06,6.4523754103632e-14,75.3576263931566
3,2.42728651510693e-09,1.05273395030334e-18,0.999999997572714,111.308381067424
3,5.86327337871788e-08,1.98593544490403e-16,0.999999941367266,106.063607056572
3,9.4354798492572e-10,2.11491620692535e-18,0.999999999056452,109.968001394723
3,1.27688090613205e-08,3.65895982436947e-17,0.999999987231191,107.466537884615
1,0.999972911165632,2.7088833800878e-05,5.67027144809393e-13,75.2980494701799
1,0.999978048989675,2.19510103247716e-05,3.2388503522948e-16,72.4875368922514
2,8.57473811763816e-05,0.999914252618824,4.09079070265965e-50,41.7245485000809
3,4.57044043916556e-11,3.66625038257437e-20,0.999999999954296,113.702816724835
3,5.21131622688662e-11,9.52752948869769e-20,0.999999999947887,112.928188009436
3,1.49747820201198e-07,5.66545055641336e-16,0.999999850252179,105.220710154223
1,0.999980553770516,1.94462273637285e-05,2.12001068973609e-12,76.0288729850202
1,0.999998588595641,1.41138683582156e-06,1.75235428909856e-11,78.5147694224789
1,0.999977283710309,2.27162896911631e-05,2.83861265702477e-16,72.4173243678735
1,0.999991496162683,8.50383730399666e-06,1.29364428537055e-14,74.4755072459204
2,4.7798548486159e-09,0.999999995220145,1.59136736902414e-67,30.5736833609298
1,0.999984319836663,1.5680163214796e-05,1.21699801598762e-13,74.7781894031025
1,0.999963948190721,3.60518092791786e-05,4.839097161076e-17,71.4813742141306
2,0.00443485874956904,0.995565141250431,6.44323428467723e-43,46.7145393274433
3,6.88042224659392e-11,5.63424439155408e-20,0.999999999931196,113.263623395618
3,1.84999939048406e-11,3.21021032906208e-20,0.9999999999815,114.040123302218
1,0.999932444022456,6.75559775285784e-05,1.57390528610671e-14,73.3452873899417
1,0.999979995331807,2.00046681927091e-05,4.63226825964936e-16,72.6783163558805
3,4.61140242445544e-10,1.79985511261816e-19,0.99999999953886,113.035376857443
2,0.0120205331323606,0.987979466867639,6.8178411831445e-38,50.1216173387565
3,1.02017237954015e-10,8.53621036789579e-20,0.999999999897983,112.845189840635
3,1.27982609870047e-10,2.47099726748571e-19,0.999999999872017,111.987457879987
1,0.999815192658748,0.000184807341252037,3.28658230810834e-16,71.2893295168996
3,1.33952529773132e-09,5.5767861860184e-19,0.999999998660475,111.918345631085
3,9.48308575387217e-09,2.63524416899393e-17,0.999999990516914,107.745329127026
3,1.30981010804659e-09,3.01897367751291e-18,0.99999999869019,109.645267723825
2,5.40950911437457e-08,0.999999945904909,3.21113579980575e-60,34.9067070538165
1,0.999912293275059,8.7706724940843e-05,1.55604991925966e-16,71.2082766817331
2,8.83887828994893e-07,0.999999116112171,2.57925540785388e-58,36.3262213862058
1,0.999972404194133,2.75958058541776e-05,1.33012619178665e-14,73.5743264275518
1,0.999997755800507,2.24419685756617e-06,2.63591066597622e-12,77.4330144664281
1,0.99997974815444,2.0251845559946e-05,4.41797284009906e-16,72.6530371393596
1,0.999991994135488,8.00586449565654e-06,1.63996094850144e-14,74.6051000584848
1,0.999994986339475,5.01366042091101e-06,1.04397783541878e-13,75.6236925732178
1,0.999996888915577,3.11108371926519e-06,7.04182304885186e-13,76.6882221823808
1,0.999991255508327,8.74449166151846e-06,1.15936381172575e-14,74.4157061318417
1,0.999998152890568,1.84710361009172e-06,5.82203016747483e-12,77.8836537106171
1,0.999902431612164,9.75683878359763e-05,1.12387518373106e-18,69.5254301576684
1,0.999999588094565,4.08751759271319e-07,3.15367612385721e-09,81.5631069041514
1,0.999933295775745,6.67042242548075e-05,4.69312661754397e-18,70.2630610952079
1,0.999990530950704,9.46904928726922e-06,8.48427668762965e-15,74.2455711598662
1,0.999934752184665,6.52478153354818e-05,5.10061812416952e-18,70.3062316692839
2,1.59679822202858e-08,0.999999984032018,2.07749632665645e-65,31.868733557732
3,3.63013897245083e-10,3.29186774161393e-19,0.999999999636986,111.524903244487
1,0.999888808312325,0.000111191687673001,2.29537255518914e-15,72.3157028116887
3,1.82850621914787e-08,9.33496201806369e-18,0.999999981714938,109.298748763241
3,1.45910217908918e-09,3.3947851462631e-18,0.999999998540898,109.539572789771
1,0.999977316571098,2.26834277550337e-05,1.1473885456806e-12,75.6877989131454
1,0.999985718207351,1.42817926470825e-05,1.70721705448049e-15,73.3776021246387
1,0.999997623641071,2.37635683902148e-06,2.09000738914654e-12,77.3015466359633
3,9.45271372567402e-10,3.84832654635186e-19,0.999999999054729,112.280201940558
2,6.31547305714606e-07,0.999999368452694,7.5274456964731e-56,37.7098116230989
1,0.999987764561158,1.22354385174462e-05,3.24385858073333e-13,75.3172403828221
1,0.999994663466859,5.33653305945447e-06,8.14675587313351e-14,75.4864459220044
2,0.00018420510000612,0.999815794899994,9.91220538284872e-49,42.6647337957901
1,0.999991477881419,8.52211721190377e-06,1.36878425757045e-12,76.1156486122962
2,2.54663042175129e-05,0.999974533695782,2.64473808044729e-52,40.2553009691028
1,0.999994268367178,5.73162608370429e-06,6.73870106105862e-12,77.009246859098
1,0.999995265393491,4.73460637795898e-06,1.31118915877213e-13,75.750024415886
1,0.999996848724546,3.15127478540951e-06,6.68738587629551e-13,76.6592276731749
1,0.999999129720399,8.70149774034016e-07,1.29826991906588e-10,79.6755510369518
1,0.999880307758889,0.000119692241110961,5.23329154524195e-19,69.1336207728211
1,0.999997763028479,2.23696884987672e-06,2.67065099613361e-12,77.4404389911578
1,0.999982318255983,1.7681744016728e-05,7.46175007457014e-16,72.9331957040199
2,4.04541906345245e-07,0.999999595458094,1.05513273384237e-59,35.4393334235767
2,0.000618385188420743,0.999381614811579,9.50277952878983e-45,45.1350327230207
2,1.64222105010271e-06,0.99999835777895,1.83349128120295e-55,37.9069067059035
1,0.999942211793168,5.77882068314885e-05,7.65576058861318e-16,72.0478849873591
3,5.03015303270886e-08,2.822884572914e-17,0.99999994969847,108.325018127164
1,0.999977346744486,2.2653254360442e-05,1.15348271403776e-12,75.6907354826936
3,2.9023047522764e-07,1.95442785349084e-16,0.999999709769525,106.686129797865
3,1.18128492181299e-08,3.35773393778777e-17,0.999999988187151,107.539300665461
3,2.00483259176119e-10,3.98978220172558e-19,0.999999999799517,111.525348329763
3,8.62252330458944e-08,3.05437318782175e-16,0.999999913774767,105.715126528176
3,7.18995642557531e-10,1.57584936243618e-18,0.999999999281004,110.237247693976
1,0.999966110215287,3.38897844788412e-05,2.33940697062692e-13,74.8112129138483
1,0.999969029356215,3.09706437845686e-05,8.64425121085945e-17,71.7871242307327
1,0.999988807192167,1.11928078285956e-05,4.41054972971871e-15,73.8902752363854
1,0.999994690076,5.30992391746111e-06,8.31008571785175e-14,75.4974222479514
1,0.999998172481809,1.82751210997755e-06,6.0809656294804e-12,77.9084773101372
1,0.99986436727946,0.000135632720540014,3.28288728376125e-19,68.8954663363292
1,0.999990862755131,9.13724485941524e-06,9.75770593256149e-15,74.3217239010424
1,0.999990465008956,9.53499103611207e-06,8.25665908234167e-15,74.2307705211747
1,0.999964541336187,3.54586638127602e-05,5.15517603170086e-17,71.514664199369
3,5.5264784052784e-08,3.13010849389842e-17,0.999999944735216,108.235528579041
1,0.999925967651641,7.40323483482659e-05,1.10339403178021e-14,73.1543609297457
2,1.97584519497309e-06,0.999998024154805,6.98130916468917e-57,37.2492251888006
3,8.00040230227436e-11,6.60442703455151e-20,0.999999999919996,113.102901087243
1,0.999980621210058,1.9378787792104e-05,2.14963681393497e-12,76.0366001547873
2,0.000151806042887596,0.999848193957112,4.42112403769773e-49,42.4257611509298
3,9.89638783427838e-10,9.66878519432754e-19,0.999999999010361,110.510166243734
2,8.84223115832841e-07,0.999999115776884,3.0051741184976e-55,38.1013573637682
1,0.999995277697554,4.7222876819747e-06,1.47642815094452e-11,77.4528044056542
2,6.19446246460594e-05,0.999938055375354,1.05777874556025e-50,41.328257509546
1,0.999998213631971,1.78555966145206e-06,8.08367670298725e-10,79.7578041368036
2,8.68282135035036e-06,0.99999131717865,3.09172442320225e-54,38.9760272257508
3,1.4339134625365e-10,1.22401625360967e-19,0.999999999856609,112.486940950089
3,2.81308446807253e-08,8.77289378021864e-17,0.999999971869155,106.734344483146
3,2.36124975913792e-09,5.73528041499573e-18,0.99999999763875,109.071249783524
2,6.52255961701207e-12,0.999999999993477,5.27974904809642e-76,25.3398632914444
3,1.21871882228915e-06,2.53767029393463e-15,0.999998781281175,103.89899864296
3,1.64263620162128e-09,3.86180444250247e-18,0.999999998357364,109.423844703017
3,1.26669035614597e-11,2.1630074381576e-20,0.999999999987333,114.454644306548
3,2.27728635926498e-08,6.93997314607709e-17,0.999999977227136,106.92909476319
3,2.19589877876018e-07,8.70569912932304e-16,0.999999780410121,104.880761269182
3,4.69920974127179e-07,2.05001423795011e-15,0.999999530079024,104.212053008261
2,2.51572972513717e-08,0.999999974842703,1.41947515766182e-61,34.0525732725259
2,1.65257850435917e-12,0.999999999998347,1.20616759379994e-79,23.1940860385644
3,5.30737358440647e-08,7.5763570343561e-17,0.999999946926264,106.696152261043
3,6.83126656544842e-10,1.49103180051608e-18,0.999999999316873,110.288129651008
1,0.962225811385722,0.0377741886142781,1.01435201820696e-24,61.5945365195398
1,0.998981194203263,0.00101880579673697,2.00617499966793e-22,65.2019876188136
1,0.844724703680435,0.155275296319565,2.10182697625458e-30,56.7102385595696
1,0.998211954170979,0.00178804582902143,2.63729844315754e-23,64.2161227995194
1,0.992284694412111,0.00771530558788924,1.41929737833259e-25,61.7279785154783
1,0.998972109199717,0.00102789080028332,1.94274216994104e-22,65.1862898409029
2,4.79431437323054e-08,0.999999952056856,1.78764949227402e-63,33.0664044000661
3,1.31196309109436e-09,1.31109134238485e-18,0.999999998688037,110.229150991365
3,9.07830665090697e-10,2.02830888974726e-18,0.999999999092169,110.006128557149
3,6.50077538641077e-05,5.69735264333635e-13,0.999934992245566,100.080265869517
2,6.87803607534613e-10,0.999999999312196,6.66920858086755e-68,30.1483323520319
3,1.86934136763485e-08,2.38777511031924e-17,0.999999981306586,107.665139505998
3,2.37510452681202e-09,5.77201731674189e-18,0.999999997624895,109.065588074899
3,2.57279936522111e-07,1.04020780034629e-15,0.999999742720062,104.740781877313
1,0.999891959620131,0.000108040379866027,2.56370613527097e-15,72.3744748429378
3,1.10599705939275e-07,6.71809868127496e-17,0.999999889400294,107.581086001828
2,4.08097264417386e-12,0.999999999995919,8.16640769879992e-77,24.869583545356
1,0.994123848753705,0.0058761512462951,2.92960297852486e-23,63.4561448729691
3,5.29176084550684e-09,2.43374147843428e-18,0.999999994708239,110.521687776277
1,0.958541942384184,0.0414580576158162,7.18561671937624e-25,61.4345650133503
1,0.972181062987874,0.027818937012126,1.4575167266451e-27,59.6085617150763
1,0.999078774489226,0.000921225510773671,2.88883396718194e-22,65.380332680437
1,0.9975377594807,0.00246224051930028,8.36253054215668e-24,63.6629523925662
3,7.95350786086117e-10,3.20373902434585e-19,0.999999999204649,112.460630701274
1,0.998186681948068,0.00181331805193239,6.48592241840634e-20,66.9284921692379
1,0.996983957565048,0.00301604243495231,4.04427328854632e-24,63.3148868540551
1,0.995944468236671,0.00405553176332925,1.40369482691832e-24,62.8103715196736
1,0.999950734491543,4.92655084571962e-05,1.4760459479633e-17,70.8591439080301
1,0.896294157194149,0.103705842805851,1.08516603799038e-29,57.4185466462241
1,0.986272318329488,0.0137276816705117,1.82506618079982e-26,60.7711094699975
1,0.999986790055721,1.32099442766938e-05,2.31210286996485e-15,73.5410691669893
2,1.02250369616681e-09,0.999999998977496,3.2104268533525e-70,28.9453706988078
2,6.2564269141783e-09,0.999999993743573,2.51115366265868e-65,31.6694529579308
1,0.998816918561207,0.00118308143879275,9.6783730243983e-21,66.2780882547709
2,2.39613440105465e-09,0.999999997603866,9.85269073259546e-69,29.8408255437929
1,0.999774943983789,0.000225056016210927,4.44883196208909e-18,69.3652170715619
1,0.99855594310261,0.00144405689739055,5.69143423691723e-23,64.5885522996839
1,0.993946010508833,0.00605398949116752,3.3649686397057e-25,62.1340983054728
2,1.73061967345173e-07,0.999999826938033,3.30394732508244e-61,34.4865083283514
3,1.88003535166911e-08,2.40284322896395e-17,0.999999981199646,107.659787191842
1,0.819606306664836,0.180393693335164,2.11613898509465e-27,58.8129814761433
1,0.999530200991415,0.000469799008584467,3.35123129215038e-21,66.5887634679069
1,0.541928837486799,0.458071162513201,7.67621168043447e-33,54.4316588278321
1,0.9684771103889,0.0315228896110996,2.08808634608811e-27,59.4032077857945
1,0.997134435941059,0.00286556405894083,4.85711992451418e-24,63.4025042760002
1,0.938421543434453,0.0615784565655469,7.97164993174754e-29,58.2979000397028
1,0.991775232283576,0.00822476771642414,1.13043287998353e-25,61.6212541223281
1,0.997777697631558,0.00222230236844203,1.20784451808939e-23,63.8396411489337
1,0.907965477061289,0.0920345229387105,1.73026205431332e-29,57.6225669906498
1,0.998074221707733,0.00192577829226681,2.01985424166979e-23,64.0873492469109
1,0.997511021954457,0.00248897804554352,8.04501036637668e-24,63.6443706767935
3,7.32420641348494e-08,4.26594639591866e-17,0.999999926757936,107.968737782389
3,1.63536403282982e-07,6.25357012167337e-16,0.999999836463596,105.142278917721
3,2.201668500057e-07,8.73140040129082e-16,0.999999779833149,104.878439157165
3,7.93999809187187e-10,1.75441671696432e-18,0.999999999206,110.138756844253
2,4.57296320034188e-08,0.999999954270368,1.6186714382922e-60,34.7185302931235
2,0.479077255445108,0.520922744554892,1.98649675187155e-31,55.1702978008293
3,1.7343030600596e-10,7.72018669176422e-20,0.99999999982657,112.945844015722
3,2.53091825289355e-08,7.80205272905921e-17,0.999999974690817,106.831665631192
3,6.67108983439856e-08,2.29344372954596e-16,0.999999933289101,105.946695910693
2,1.98621214825628e-11,0.999999999980138,4.47670984720857e-74,26.4663089367777
3,6.63632836212154e-10,6.28694390582421e-19,0.999999999336367,110.911618802788
2,6.67586556923422e-08,0.999999933241344,7.57462469904742e-60,35.1429172964606
2,1.64963920215725e-09,0.999999998350361,1.15643724000146e-67,30.2425452039548
3,2.86955147864516e-09,3.06436480756297e-18,0.999999997130449,109.458412350234
3,1.88807309156216e-08,5.63877835511393e-17,0.999999981119269,107.102524308699
3,3.78305052265547e-10,7.88392992980264e-19,0.999999999621695,110.880092023568
2,2.05559724340346e-12,0.999999999997944,5.34765250382433e-78,24.1860943101652
3,6.86409061321178e-07,1.32767428117461e-15,0.999999313590937,104.39955494145
1,0.983382224869971,0.0166177751300287,2.04528942208428e-23,63.0058732642087
1,0.999122104364537,0.000877895635462992,3.44006903191055e-22,65.465881377947
1,0.964577353615607,0.0354226463843932,6.08581981862289e-28,59.2114860481632
2,8.69547439470019e-10,0.999999999130453,1.6749300168643e-70,28.7760095470654
3,1.17412384233018e-08,1.43091762688425e-17,0.999999988258762,108.103604732622
3,2.83415321790512e-07,1.15978097982639e-15,0.999999716584677,104.655481984208
3,3.4723137288711e-09,8.7415877967212e-18,0.999999996527686,108.699577487672
3,7.82336380727988e-10,1.72654529594526e-18,0.999999999217664,110.153431247369
2,9.06860685133585e-07,0.999999093139315,3.33471932141395e-55,38.1308465256175
3,2.95617193157144e-08,3.96114120692745e-17,0.999999970438281,107.237079438014
2,1.42937889997344e-10,0.999999999857062,1.20571355385783e-70,28.4976458588218
3,1.08482919804487e-07,1.67849941939157e-16,0.99999989151708,106.043638398939
1,0.997468559302638,0.00253144069736164,1.909329441925e-20,66.3214003447139
3,1.14448769336314e-07,6.97656817331886e-17,0.999999885551231,107.549055322467
3,5.77902375951253e-07,2.58905372796563e-15,0.999999422097621,104.031802935784
3,3.06273072772378e-09,7.62008096726571e-18,0.999999996937269,108.820211859418
3,2.49588301715738e-09,6.09315639359335e-18,0.999999997504117,109.017615536067
3,1.07021358032224e-09,2.42442092618762e-18,0.999999998929786,109.843773831505
3,2.27255106026637e-08,6.92397932576443e-17,0.999999977274489,106.93101730613
3,4.98203693720694e-08,1.65630926467667e-16,0.99999995017963,106.211537067824
1,0.950835895654794,0.0491641043452059,3.80663443049817e-25,61.1409504467223
3,5.34586699025686e-05,6.97218503944965e-14,0.999946541330028,102.115013993206
2,7.82202388681446e-10,0.999999999217797,1.11969631842767e-67,30.2848359212385
3,7.34647176897987e-11,6.03682391328571e-20,0.999999999926535,113.19369822313
3,3.66005681846299e-10,7.60861547968038e-19,0.999999999633994,110.913440124713
2,1.73995191903084e-07,0.999999826004808,3.80067286333484e-58,36.2273234421163
2,1.05796456680214e-09,0.999999998942035,1.9333238124272e-68,29.7721951496432
2,3.36077499837172e-13,0.999999999999664,2.21026830885927e-82,21.6417276408777
1,0.99614425507735,0.00385574492265002,1.33472518325101e-22,64.1849703326953
1,0.995885567685366,0.00411443231463413,1.33328238262826e-24,62.7859102789355
1,0.99399290204361,0.00600709795639017,3.45945640310396e-25,62.1471592619508
1,0.997468804627043,0.00253119537295719,7.57443579272945e-24,63.6154452740434
3,1.60092002336431e-08,8.07707864611539e-18,0.9999999839908,109.428235957703
3,2.65805943409239e-07,1.07904938491364e-15,0.999999734194056,104.712021494232
3,2.69717151531353e-08,8.37264121090125e-17,0.999999973028285,106.77306299635
2,8.98148689151753e-10,0.999999999101851,1.95447308506843e-67,30.4317790014704
3,2.8499778451954e-06,6.64177942252179e-15,0.999997150022148,103.167360911689
3,4.0179981614577e-08,1.30370750560384e-16,0.999999959820018,106.407573055685
3,8.89458110006353e-08,3.16227273164228e-16,0.999999911054189,105.687167310936
3,1.66003475791537e-09,3.90634571299444e-18,0.999999998339965,109.413567968977
3,1.30525083502643e-07,4.85706372613448e-16,0.999999869474916,105.343296452754
3,6.31082140315266e-09,1.68331147561099e-17,0.999999993689179,108.129725974277
3,3.85578585470163e-08,1.24530176186795e-16,0.999999961442141,106.445230179936
2,2.32915782893274e-11,0.999999999976709,8.45652486634798e-74,26.6285682786753
2,1.13079911403857e-06,0.999998869200886,3.95468196151607e-56,37.4739567538187
3,1.02971966194472e-08,1.23876825086372e-17,0.999999989702803,108.228097174732
2,2.63150062108618e-15,0.999999999999997,2.07466913580082e-89,17.7900713043397
3,8.52671960614886e-09,1.0070711539379e-17,0.99999999147328,108.407667878374
1,0.996915141546274,0.00308485845372599,9.27031079888985e-21,65.9647450675086
1,0.998301727871865,0.00169827212813506,3.17413264529453e-23,64.3056850777826
1,0.999560678856691,0.0004393211433094,4.28318958304097e-21,66.7106670912577
3,2.78621262984603e-08,1.4781013704921e-17,0.999999972137874,108.890909313769
2,5.58575474284785e-12,0.999999999994414,2.84778669422834e-76,25.1841060952865
3,3.41730517492877e-08,4.65035185320658e-17,0.999999965826948,107.102505933403
2,1.16974199748188e-12,0.99999999999883,5.7045732968214e-79,23.6278987178271
1,0.994132045689438,0.00586795431056161,2.94433960162493e-23,63.4585459997172
2,1.53597044557994e-06,0.999998464029554,2.48361767980205e-57,36.9591350839312
3,1.30318546785337e-06,2.73735288396257e-15,0.999998696814529,103.840896316063
3,3.21720289710085e-09,8.04137258211903e-18,0.999999996782797,108.772881022271
2,6.32295715850771e-05,0.999936770428415,1.47999969893656e-47,43.2474008160232
2,1.95476376768373e-06,0.999998045236232,3.75505650693232e-55,38.1098650131451
3,6.61051030470552e-09,7.61937601108296e-18,0.99999999338949,108.651070375041
2,2.9903934056188e-16,1,4.1927081727257e-93,15.7885376391891
3,3.74623365177927e-09,4.096825078615e-18,0.999999996253766,109.198907235388
3,1.49954523638653e-08,4.37007932386131e-17,0.999999985004548,107.316597939824
3,5.46707258022066e-11,1.00221121074245e-19,0.999999999945329,112.877478593601
3,2.84552159508744e-08,8.88524747794184e-17,0.999999971544784,106.723800494914
1,0.999961025494221,3.89745056445151e-05,1.34938926510974e-13,74.5101463116571
2,4.56576737859126e-05,0.999954342326214,2.97826488011628e-51,40.9583220492444
3,7.32750556615692e-10,6.99402840033142e-19,0.999999999267249,110.811736632903
3,1.21585020871344e-09,2.78448687612186e-18,0.99999999878415,109.718306175591
2,7.98862041172825e-07,0.999999201137959,1.97892494245863e-55,37.9830396930693
2,3.3649396938711e-06,0.999996635060306,3.51914213854149e-54,38.7459426575467
3,1.05777018761005e-07,1.63188571067295e-16,0.999999894222981,106.066541320671
1,0.999995674414021,4.32461592352003e-06,9.70055363713939e-10,79.5178742785311
1,0.999996939751826,3.06024742144895e-06,7.52460901751608e-13,76.7254675721509
1,0.99995292377535,4.7076224649504e-05,1.75379778987988e-17,70.9492079172899
3,4.7133534514733e-08,2.62842004497539e-17,0.999999952866465,108.386984481996
3,7.61449125653167e-08,2.65832564937004e-16,0.999999923855087,105.827186490301
3,8.36429644174161e-08,2.95234648108281e-16,0.999999916357035,105.742508441098
2,5.58213776394242e-06,0.999994417862236,6.05818066471768e-52,40.2801938835714
1,0.999980302951972,1.96970479786795e-05,4.96530305144142e-14,74.2884562821312
3,2.14714565267012e-08,1.11214977823256e-17,0.999999978528543,109.142759236636
1,0.999506912159077,0.000493087840923234,8.0925674009704e-18,69.3679336320887
1,0.999998847524796,1.15243478412966e-06,4.0419936339197e-11,78.9970142974172
2,0.000315555744207458,0.999684444255793,9.40525288253498e-48,43.3337865225878
3,5.43881746925752e-09,6.15487029322603e-18,0.999999994561183,108.83852150984
3,4.90918931113776e-09,1.27757812447647e-17,0.999999995090811,108.368412990622
3,1.7602836366924e-09,4.16385094948062e-18,0.999999998239716,109.356418652526
2,1.10810653647978e-06,0.999998891893464,7.61148878693882e-55,38.3650284701084
3,1.01430560463763e-07,1.55731322685985e-16,0.999999898569439,106.104609987617
2,0.000149565923236398,0.999850434076764,5.45999394904026e-46,44.3287647187022
1,0.999989546276741,1.0453722653236e-05,6.06002901178267e-13,75.6628043286357
1,0.999989025729616,1.09742703787147e-05,4.76361699248581e-15,73.932015193637
1,0.999996334850135,3.66514950066363e-06,3.64626618156818e-13,76.3195212780226
1,0.999984860647153,1.51393528452768e-05,1.36137597014585e-15,73.2558114075286
3,3.0613464837132e-09,1.35033711819265e-18,0.999999996938654,111.072608230255
1,0.999995415737119,4.58350117965624e-06,7.61701506984682e-10,79.3770592369218
1,0.999998108154648,1.89184007127864e-06,5.28058924884156e-12,77.8279990989736
3,1.71318417071491e-08,8.69555468898962e-18,0.999999982868158,109.362164403808
3,2.05323401124738e-09,4.92425154523755e-18,0.999999997946766,109.206729948104
1,0.99998044607835,1.95539195757811e-05,2.07375723978383e-12,76.0165920294221
1,0.999975013668158,2.49863318419394e-05,1.96831578917671e-16,72.2227446514883
1,0.999996682656797,3.31734265943448e-06,5.43991074707719e-13,76.5434233116881
3,6.87692840663108e-08,3.98024290532598e-17,0.999999931230716,108.028294523593
3,2.25672120873776e-09,5.45880897208802e-18,0.999999997743279,109.115091681103
3,5.29917845296899e-09,1.38937968332364e-17,0.999999994700822,108.295632969018
3,9.46412936696052e-11,1.792444307445e-19,0.999999999905359,112.301074493485
3,7.53551818500513e-10,1.65792162137129e-18,0.999999999246448,110.190626192972
2,2.88528881629134e-05,0.999971147111837,5.58860470388464e-49,42.2755258131488
2,1.04895631785995e-06,0.999998951043682,2.90455886157263e-56,37.387063888328
1,0.999992484411052,7.51558668404782e-06,2.26424682584353e-12,76.3967057145784
1,0.99999897918543,1.02074774702487e-06,6.682305721646e-11,79.2885899951175
3,1.90236659821326e-09,8.11019135136908e-19,0.999999998097633,111.557347923796
3,1.70445110835742e-09,4.02025664785295e-18,0.999999998295549,109.387823940741
1,0.999983338303718,1.6661692346903e-05,3.93505079052551e-12,76.3740049465882
1,0.999996412220785,3.5877788175251e-06,3.97183285642639e-13,76.3673323167468
1,0.99999464819934,5.35180057898121e-06,8.05486368212873e-14,75.4801739992922
2,3.98272052372948e-06,0.999996017279476,1.24538034110431e-55,38.062232948077
3,1.52809588681045e-08,1.91216696173023e-17,0.999999984719041,107.854661614265
3,2.13514403306604e-06,1.13814301208116e-14,0.999997864855956,102.907673097994
3,6.64316642006355e-09,1.78100916647406e-17,0.999999993356834,108.081104526766
3,1.81569275945251e-08,5.39998238169412e-17,0.999999981843072,107.138775743579
3,1.20615917238332e-11,2.05562622325483e-20,0.999999999987938,114.508550368684
3,3.61203375763476e-09,9.12733053762674e-18,0.999999996387966,108.66172797503
3,7.08824654296093e-08,2.45406067492916e-16,0.999999929117534,105.891855732532
3,2.87119444420956e-09,7.10068015390214e-18,0.999999997128806,108.882406033843
3,4.70989329779696e-11,8.56258573845701e-20,0.999999999952901,113.035471691604
1,0.999452695003482,0.000547304996518369,5.47837791514255e-18,69.1681091277096
2,0.000135316455723445,0.999864683544276,2.73678715751715e-49,42.2840734647915
3,1.30081049756667e-07,2.05539349117163e-16,0.99999986991895,105.879334114317
2,7.63814123175542e-06,0.999992361858768,2.22289159120362e-51,40.6571200143049
3,1.87954073007173e-08,2.40214608610022e-17,0.999999981204593,107.660034062886
3,0.000154498102466656,1.54980155358082e-12,0.999845501895984,99.3870018914925
1,0.999919405019731,8.05949802614405e-05,7.9411467917592e-15,72.9779483627079
1,0.999997989748786,2.01024709102514e-06,4.12352302005345e-12,77.6871623202419
1,0.999997208733301,2.79126560880054e-06,1.09024807865015e-12,76.9340741339818
3,1.48174564264188e-10,5.47213763499741e-20,0.999999999851825,114.259267258834
3,1.55582816583218e-11,2.6794422877859e-20,0.999999999984442,114.229104013355
3,2.98586832524222e-09,7.41124432848324e-18,0.999999997014132,108.844679396746
1,0.999990958707005,9.0412464374959e-06,4.65577503120893e-11,77.7683482351394
1,0.999980868626612,1.91313733877993e-05,5.50308898798436e-16,72.7703200871263
1,0.99999564820651,4.35179330690412e-06,1.83496073736224e-13,75.9367054569772
3,1.37506920905378e-08,6.84567751723133e-18,0.999999986249308,109.576846612168
3,5.41887162592838e-09,1.42386920357122e-17,0.999999994581128,108.274389389284
3,1.26721725277872e-09,2.91247578941112e-18,0.999999998732783,109.677689815422
3,5.24865464138568e-09,1.3748456484075e-17,0.999999994751345,108.304747555952
3,1.08386633185101e-09,2.45799112960544e-18,0.999999998916134,109.831291880297
3,3.9396971023043e-09,1.0037849245932e-17,0.999999996060303,108.578529094388
1,0.999988935289641,1.10646898677584e-05,2.04916089921631e-11,77.3023923086139
1,0.999996149591958,3.85040774266743e-06,2.99283427209514e-13,76.2092336642224
1,0.999991691849446,8.3081505397461e-06,1.41756522932543e-14,74.5254584208541
1,0.999996164084566,3.83591513020393e-06,3.03835105461161e-13,76.217657685341
2,5.85525628261988e-05,0.999941447437174,8.37019857097199e-51,41.2598322226007
3,4.49235525805122e-09,4.99466351685617e-18,0.999999995507645,109.02297220201
2,1.2375707714353e-05,0.999987624292286,1.64842763278746e-50,41.2408074570271
2,7.87150903035976e-05,0.999921284909696,1.6798852868068e-48,42.5438735716864
3,2.44815800627951e-07,4.16885444552071e-16,0.999999755184199,105.311443857199
3,1.51522155042933e-09,3.53702172615576e-18,0.999999998484778,109.502676559605
3,1.43038457015103e-10,2.7819727695944e-19,0.999999999856962,111.872475397723
3,3.81779728416331e-10,7.96184603602161e-19,0.99999999961822,110.870871766046
3,2.71032603181285e-11,4.78786385161495e-20,0.999999999972897,113.626529841761
3,9.07169744749312e-09,2.50955028714009e-17,0.999999990928302,107.787035648674
2,1.12730079074892e-07,0.999999887269921,6.43794251928625e-59,35.7342193118626
3,3.21155507737783e-08,4.3414459011726e-17,0.999999967884449,107.160107284104
1,0.99999540373727,4.59550926408971e-06,7.53465583777481e-10,79.3707343564353
1,0.9999937853597,6.21464025578883e-06,4.45410020398163e-14,75.1533033586797
1,0.999996849140923,3.15085840833069e-06,6.69094156070348e-13,76.6595260507234
1,0.999998938437364,1.06150583024e-06,5.68056116138128e-11,79.1942674180412
1,0.999999603334805,3.92931187700221e-07,3.7340072750309e-09,81.6644270405874
1,0.99999705437841,2.9456207121676e-06,8.77531224294896e-13,76.8119013729107
1,0.999999538785478,4.59297012771081e-07,1.91750955883243e-09,81.2654858729008
1,0.999986104379804,1.38956201936209e-05,1.89908762892548e-15,73.4349698547009
1,0.999807367124076,0.000192632875923881,8.91554718908531e-20,68.2332664580409
1,0.99999548490857,4.51509127136661e-06,1.5842210790557e-13,75.8550377994112
3,8.84109011522965e-09,4.23890206266493e-18,0.99999999115891,110.011323135262
1,0.999951122695386,4.88773045585923e-05,5.55509548109191e-14,74.0269334949844
1,0.999990623875695,9.37612429655409e-06,8.81863985229589e-15,74.2666127502036
1,0.999990457272889,9.54272710275858e-06,8.23046291666415e-15,74.2290411997751
3,1.21946113539336e-08,6.00820314419298e-18,0.999999987805389,109.694559849169
3,2.05846962246685e-08,6.20500500692305e-17,0.999999979415304,107.022491763306
3,3.36795738713325e-06,1.91176201010119e-14,0.999996632042594,102.521427343322
3,7.10802493127871e-08,2.4617051212395e-16,0.99999992891975,105.889337933903
2,2.47188362372867e-05,0.999975281163763,2.9333179084991e-49,42.0854341706841
1,0.999980500916797,1.94990831513495e-05,5.16592157772272e-14,74.3100300345961
1,0.999993097600172,6.90239979834091e-06,2.94185583389367e-14,74.9252619056472
3,1.01636106922586e-07,6.12006311593191e-17,0.999999898363893,107.660315973127
3,4.63557901480589e-08,1.52856076211713e-16,0.99999995364421,106.277150337334
2,1.40174767339767e-07,0.999999859825233,1.5693859870961e-58,35.9813976372873
3,1.31622167158826e-10,1.11779540800736e-19,0.999999999868378,112.57677137875
2,5.34462449592203e-06,0.999994655375504,5.05954847650262e-52,40.2280748341006
1,0.999934416672247,6.55833277530122e-05,4.71565155710988e-16,71.7916257074223
1,0.999991486337633,8.51366235457208e-06,1.28778961160025e-14,74.4730311907867
3,4.3772220927706e-09,1.9835746767328e-18,0.999999995622778,110.711883826371
3,7.28654683074927e-08,2.53082155579011e-16,0.999999927134532,105.866929771874
3,1.21238530784718e-10,2.33256621969373e-19,0.999999999878761,112.043538581666
3,1.13027923496444e-10,2.16480391634762e-19,0.999999999886972,112.116296842085
3,9.16249767040928e-10,2.04869590299816e-18,0.99999999908375,109.997004972083
1,0.999909827291886,9.01727081085317e-05,5.14525210789052e-15,72.7457728420805
3,9.35107116918602e-11,3.39109860768549e-20,0.999999999906489,114.766420937101
2,1.61510527222828e-05,0.999983848947278,4.98702041654708e-50,41.5647526087063
3,9.23387587409382e-08,1.40258474036113e-16,0.999999907661241,106.189923839618
3,2.46167595385194e-09,6.00204332553182e-18,0.999999997538324,109.03095744666
3,5.59016355151976e-10,1.20072539178829e-18,0.999999999440984,110.488058501166
1,0.999993909303142,6.09046190288591e-06,2.34954835459294e-10,78.6958674686349
1,0.99997025300641,2.97469935897136e-05,1.00857777525979e-16,71.8685969852029
1,0.999998798314859,1.20165113692811e-06,3.40041235812153e-11,78.8970300765895
1,0.99999127664774,8.72335224807246e-06,1.17043306372625e-14,74.4208895366028
2,0.00142799912241674,0.998572000877583,5.33286962844187e-45,45.2440742250309
3,1.96638699637674e-10,1.71175113717982e-19,0.999999999803361,112.157380252605
3,2.2925254762976e-10,4.60551106687703e-19,0.999999999770747,111.388265511104
3,1.20630597256253e-05,8.21264946423275e-14,0.999987936940192,101.455351857531
1,0.999914865518241,8.51344817525454e-05,6.42475001955534e-15,72.8645013408464
1,0.999997727432398,2.2725650975598e-06,2.50491502782464e-12,77.4041172192888
2,0.010606707422859,0.989393292577141,2.65681098040797e-41,47.8722442061386
3,1.02235079662745e-09,1.00140962034185e-18,0.999999998977649,110.477660005453
3,6.62841024187587e-10,1.44323746645986e-18,0.999999999337159,110.318129976047
2,3.28901671132184e-05,0.999967109832887,9.64973443921156e-49,42.4368838713174
3,3.16892233782856e-09,3.41390985144517e-18,0.999999996831078,109.361638761026
3,1.45648911774175e-10,2.83615005852483e-19,0.999999999854351,111.85380771895
3,2.32673952030499e-11,4.08020213689364e-20,0.999999999976733,113.791289597879
3,2.56118239830402e-09,6.26742914841023e-18,0.999999997438818,108.992657392074
3,1.34693525112077e-08,3.88130770485629e-17,0.999999986530647,107.416661819883
3,4.25621138370412e-10,8.94993556885917e-19,0.999999999574379,110.761397816034
3,1.06992049400629e-07,3.88788450597305e-16,0.99999989300795,105.521239871704
2,1.42372610427443e-05,0.999985762738957,2.95146447560037e-50,41.4111282784101
3,2.68650957546318e-07,4.62630309402201e-16,0.999999731349042,105.228566458783
3,3.54523344829943e-07,1.49215312237792e-15,0.999999645476654,104.458676757016
2,0.000220724212520792,0.999779275787479,2.80170421784694e-45,44.8228625510633
3,1.15181677123486e-09,1.13900142431802e-18,0.999999998848183,110.358682391913
3,2.20897633799745e-09,5.33294238322901e-18,0.999999997791024,109.135812116728
1,0.999973212572096,2.67874273112207e-05,5.92738477471254e-13,75.3225142290927
1,0.99999227445845,7.72554153089992e-06,1.88689868539627e-14,74.6818283230343
3,1.97368503214684e-08,1.014546824154e-17,0.99999998026315,109.224489566356
3,1.36831096952868e-11,2.3438722041979e-20,0.999999999986317,114.369839400159
1,0.999934387539644,6.56124603387363e-05,1.76289009196997e-14,73.4063398756629
2,0.00213345112773973,0.99786654887226,2.90308065546163e-44,45.7611187529081
3,1.78020839661606e-10,1.53998139141424e-19,0.999999999821979,112.260903130525
1,0.9999806371494,1.93628484429113e-05,2.15671481888211e-12,76.0384306100244
1,0.999978883080655,2.11169193444931e-05,3.76005408160268e-16,72.5670377597605
1,0.99993492567035,6.50743296502099e-05,5.1521068049652e-18,70.3114408474596
3,5.344697151354e-11,1.90243372278446e-20,0.999999999946553,115.391731849179
3,3.50748638114549e-08,1.12088695984248e-16,0.999999964925136,106.531858777522
3,1.55875269214556e-09,3.64770044656919e-18,0.999999998441247,109.475005967908
2,0.000665099344714631,0.999334900655285,2.93366274076308e-43,46.2420945112339
3,4.39920012605113e-09,4.88170601023092e-18,0.9999999956008,109.04323473057
3,1.89571966086008e-10,3.75802189495733e-19,0.999999999810428,111.58268946792
3,5.58112696739012e-07,2.48916876810753e-15,0.999999441887301,104.062121888145
3,1.13621940358591e-11,1.93189737672535e-20,0.999999999988638,114.574411172693
2,9.27742356608021e-07,0.999999072257643,3.6623337158877e-55,38.1574121492082
3,1.28583510652668e-10,1.09047528810274e-19,0.999999999871417,112.601304473045
2,1.1057719453917e-05,0.999988942280546,1.03248319887987e-50,41.10421102806
3,3.4568094218815e-08,4.70990800377085e-17,0.999999965431906,107.091852085525
1,0.999997999348713,1.97420739756406e-06,2.64438890005636e-08,81.4703142824227
1,0.999998118919434,1.88107516106467e-06,5.40490826987208e-12,77.8412630278317
1,0.999997885706883,2.11428975901105e-06,3.35829812312564e-12,77.5704711007794
1,0.999982837061623,1.71629383764248e-05,8.37283596176111e-16,72.9949066253358
1,0.99999821244532,1.78754802494848e-06,6.65543185445261e-12,77.9599992290753
1,0.999991911137724,8.08886226010931e-06,1.57476525722622e-14,74.5829227828081
1,0.999997203636236,2.79636268156104e-06,1.08225120854293e-12,76.9299270377911
1,0.999997074791906,2.92520719137456e-06,9.02472910025816e-13,76.82766592546
1,0.999997732851602,2.26714586883597e-06,2.52929794026951e-12,77.4096079402244
2,0.000574670661369847,0.99942532933863,1.15974470326973e-46,44.0861612708262
3,3.86546316679655e-10,3.52069583190953e-19,0.999999999613454,111.460637886552
1,0.999909174476832,9.08255231633836e-05,5.00395728977813e-15,72.7308986697487
1,0.999965529852831,3.44701471692844e-05,5.7424481137224e-17,71.5714566642341
3,5.58131948319081e-08,3.16423799278203e-17,0.999999944186805,108.226148179096
3,1.57089402294756e-09,3.67862306372774e-18,0.999999998429106,109.467429092342
3,1.72528298155349e-11,2.98457508090687e-20,0.999999999982747,114.116178455693
1,0.999993822788544,6.17698976608004e-06,2.21689889120175e-10,78.6623700296378
1,0.999994380520737,5.61947919674599e-06,6.63661222622995e-14,75.3731689245437
3,4.0514435598229e-10,1.57022738326297e-19,0.999999999594856,113.173075182725
1,0.999980800311128,1.91996866410351e-05,2.23087987655737e-12,76.0572596958441
2,9.45749475379045e-08,0.999999905425052,2.82426691456917e-62,33.8150198483588
3,1.54534860623285e-10,1.32515636034891e-19,0.999999999845465,112.408598208611
2,4.81618722906352e-08,0.999999951838128,1.99945043152376e-60,34.7765307810334
1,0.999968994932858,3.10050671337189e-05,8.45728920312909e-15,73.3302849164442
3,2.71058646951592e-07,1.81164659555298e-16,0.999999728941353,106.748965573182
2,0.000191706993736388,0.999808293006264,1.54902674771498e-45,44.6435287141221
1,0.999994280986593,5.71900660789852e-06,6.79895978435911e-12,77.0142669463814
1,0.999973523587903,2.647641209641e-05,1.57592697248024e-16,72.1048134278006
3,1.02396911363732e-09,4.18971835546531e-19,0.999999998976031,112.196912982124
1,0.999989931089263,1.00688806920818e-05,3.00447585742909e-11,77.5193081560325
3,1.49555995591014e-09,6.27216305488594e-19,0.99999999850444,111.80461775003
3,1.56849030107035e-08,4.59276107082895e-17,0.999999984315097,107.274753362839
2,3.33782482511915e-08,0.999999966621752,4.48774235838008e-61,34.3670117178335
1,0.999980751822747,1.92481771987954e-05,5.43511176118121e-14,74.3377057418423
1,0.999997530345408,2.46965280439696e-06,1.7881685016538e-12,77.2133096814206
3,3.97195846910949e-07,2.76985563899163e-16,0.999999602804153,106.398714938336
3,1.58206047733879e-07,6.02543924142438e-16,0.999999841793952,105.171770389152
2,6.20951383937768e-08,0.999999937904862,5.63662669265669e-60,35.061518503818
1,0.999899206191185,0.000100793808814449,9.17391649360055e-17,70.9317257465953
1,0.999966042074934,3.39579250654904e-05,6.08018439144407e-17,71.6015571423548
1,0.999999729643689,2.37400884362591e-07,3.29554268371205e-08,82.9836482386734
1,0.999998901716321,1.09823434101657e-06,4.93377395368572e-11,79.1125086085329
1,0.999992157173456,7.84282652624275e-06,1.77824467985105e-14,74.6493758061757
1,0.999967419396143,3.25806038570888e-05,7.12188933253335e-17,71.6849056354918
1,0.999993926496886,6.07350306558943e-06,4.8780309459151e-14,75.2033761289472
1,0.990857324095641,0.00914267590435877,7.75766983126718e-26,61.4449834508275
1,0.999372519989864,0.000627480010136401,1.16559915532706e-21,66.0660264009079
3,2.92883668878555e-10,1.11621112112234e-19,0.999999999707116,113.520261067435
3,8.9557625311484e-09,2.47423850995466e-17,0.999999991044237,107.799138178631
3,5.25419112050101e-08,1.75741342126293e-16,0.999999947458089,106.163177957848
3,1.26519908693753e-10,2.44092631520084e-19,0.99999999987348,111.999359568092
3,3.42386332780551e-06,1.94795456510926e-14,0.999996576136653,102.50753002348
3,0.000141817235647035,1.40350403622543e-12,0.999858182762949,99.455196702067
2,1.94042725303951e-07,0.999999805957275,5.93980880426709e-58,36.3516851895532
1,0.998780695594321,0.00121930440567911,8.66955077363136e-21,66.223660628229
2,9.92184495940176e-10,0.999999999007816,2.84487778403421e-70,28.9138852494121
3,4.59307384699699e-08,6.45352131475812e-17,0.999999954069261,106.829184853381
3,2.35882134409221e-07,9.43471775525732e-16,0.999999764117865,104.817465446117
3,5.2486448494049e-09,1.37484283299226e-17,0.999999994751355,108.304749331111
3,4.45022632849028e-06,2.62650338735656e-14,0.999995549773645,102.286711163625
3,1.35472684077584e-06,6.78998171582921e-15,0.999998645273153,103.296152206659
3,8.22583675126615e-10,1.82287737475956e-18,0.999999999177416,110.10370619036
1,0.99994386181072,5.61381892476275e-05,3.23470266403779e-14,73.7339354810265
1,0.999953974635462,4.60253645379861e-05,1.91069365803611e-17,70.9940017962168
1,0.999658505854412,0.000341494145588067,1.07864670099852e-20,67.1710688223638
2,2.92036626400799e-07,0.999999707963374,2.78944450577364e-60,35.0723541600625
1,0.999589937905791,0.000410062094209239,4.76476670784223e-19,68.2272786913027
3,5.16548213371725e-10,2.02886982273773e-19,0.999999999483452,112.915069818471
1,0.995517892893296,0.00448210710670386,2.37611130931552e-21,65.296824049239
1,0.999547123073468,0.000452876926532156,3.83242605691266e-21,66.6554000243362
1,0.999722378355451,0.000277621644548965,2.31053713452893e-20,67.5526615788483
1,0.993548081374322,0.00645191862567818,2.68244169749685e-25,62.0272589795378
3,3.57593223647989e-09,1.59569265295644e-18,0.999999996424068,110.915489377567
3,8.46865889551435e-08,2.99353454686914e-16,0.999999915313411,105.731339714475
1,0.999319509472114,0.000680490527885803,2.4310521132871e-18,68.7534787796471
1,0.999030051951389,0.000969948048610651,2.39683668573964e-22,65.2889666271299
2,8.58125143443624e-08,0.999999914187486,1.90203997396686e-62,33.7074747336579
2,1.81622980230266e-06,0.999998183770198,2.77481890649612e-55,38.0241701996251
1,0.999905433140743,9.45668592566267e-05,1.16868500290032e-16,71.0583267057802
1,0.997779605695249,0.00222039430475064,1.21157257076462e-23,63.8411236903848
1,0.999838897289534,0.000161102710466315,1.73050686930703e-19,68.5695375946668
1,0.999755833371223,0.000244166628777317,3.71007629131226e-20,67.79074314135
1,0.999981329842352,1.86701576477785e-05,6.04695024313104e-16,72.8206992606596
1,0.999972220612479,2.77793875209966e-05,1.31080611354143e-16,72.0072377073721
1,0.997053159849508,0.00294684015049233,4.39450047393913e-24,63.3546086000244
1,0.999955347053829,4.46529461711554e-05,2.14345210675115e-17,71.0541350152698
2,3.06298730677165e-07,0.999999693701269,3.38861488443212e-60,35.1259482706284
3,9.03915896405633e-08,1.36967847591907e-16,0.99999990960841,106.209306887572
1,0.998142142571551,0.00185785742844937,5.93297042202134e-20,66.8841074759176
1,0.998149387811304,0.00185061218869627,2.3305537909333e-23,64.1564030209601
1,0.999941187638532,5.88123614677932e-05,7.54928103920309e-18,70.5098261491169
1,0.999679816432417,0.00032018356758259,1.36684413555496e-20,67.2895061011689
1,0.999824654835203,0.000175345164797409,1.26346922969843e-19,68.4098808442753
1,0.999873628916286,0.0001263710837142,4.27336907258085e-19,69.0300485645615
1,0.999629771633358,0.000370228366642361,8.01818328360971e-21,67.0229592074685
2,7.35688969225178e-09,0.99999999264311,9.06550001327792e-67,31.0344658501321
3,3.01396159969726e-10,2.69838151313465e-19,0.999999999698604,111.715802460837
3,6.9864566748163e-05,6.1913968309005e-13,0.999930135432633,100.022225292617
3,7.63342076405242e-09,2.07512093186834e-17,0.999999992366579,107.949729382447
2,2.17596740291895e-07,0.99999978240326,9.49650968135291e-58,36.4825403833676
3,4.96419068461052e-11,3.99813061849475e-20,0.999999999950358,113.613703969665
1,0.997414635606072,0.00258536439392797,1.7676537449316e-20,66.2832704187979
1,0.999954146612128,4.58533878724213e-05,1.93804178381226e-17,71.0014338539137
2,2.20927308650195e-06,0.999997790726914,1.10429746415794e-56,37.3781906203196
2,8.02868836469258e-09,0.999999991971312,6.88691795836285e-65,31.9390568632742
3,4.02301592481743e-07,7.27830316598298e-16,0.999999597698407,104.869997062891
3,1.56328018693093e-07,5.94529317658811e-16,0.999999843671981,105.182402701015
3,1.32330077261232e-12,2.13165556038291e-21,0.999999999998677,117.023470251732
1,0.991065940675939,0.00893405932406068,1.94241888471879e-22,64.0821256333024
1,0.999852228968848,0.000147771031151866,2.38591720427132e-19,68.7328621902593
2,3.10810018753058e-08,0.999999968918998,3.08205744794983e-64,32.592247839444
3,2.93670199461118e-05,9.51453366020191e-14,0.999970632979959,101.210723083646
3,2.65437857686397e-09,6.51691725964385e-18,0.999999997345622,108.95814040036
1,0.999581793429656,0.000418206570344133,1.50036636972433e-17,69.6851088628589
1,0.999837147341172,0.000162852658828252,1.66242160735469e-19,68.5491476843049
3,3.48333723333598e-05,4.27754572296801e-14,0.999965166627624,102.475065953665
1,0.998606804810327,0.00139319518967258,1.71033805378636e-19,67.4129713241459
2,5.35452382602136e-08,0.999999946454762,2.79958878618301e-63,33.1877273881958
2,5.17380855028439e-10,0.999999999482619,1.08958898293693e-69,29.0200120099975
2,0.000114585633731231,0.999885414366269,8.06048003655564e-48,43.0091254386664
3,7.44710394013573e-10,7.11696761633441e-19,0.99999999925529,110.795436911235
3,3.30599287020917e-08,1.04956492566399e-16,0.999999966940071,106.586073892091
3,2.78865451537312e-07,1.13885741677826e-15,0.999999721134547,104.669740521054
3,3.30501566097867e-13,5.32468712286494e-22,0.999999999999669,118.69407244573
2,1.05061635302737e-10,0.999999999894938,3.50798803125584e-71,28.1777465524586
1,0.999354872790298,0.000645127209701977,8.93723885147123e-20,67.3846431433273
1,0.999632601745026,0.000367398254973822,8.2471437316308e-21,67.0370086806572
3,1.9552887855055e-08,1.00424347860071e-17,0.999999980447112,109.23358462825
3,6.20163996859251e-12,1.03223600463504e-20,0.999999999993798,115.248329273225
3,6.25826927439647e-08,2.13569559525439e-16,0.999999937417307,106.004519745389
2,1.38148541577792e-09,0.999999998618515,1.10979779277977e-66,30.8911163265044
2,9.26484642172232e-10,0.999999999073515,1.13347288714645e-68,29.6321677493751
1,0.999760733490799,0.000239266509200589,3.53835404186081e-18,69.2478732152729
1,0.999490261040605,0.000509738959394601,2.48718859283772e-21,66.4408559841895
1,0.999878053931274,0.000121946068726106,4.88124893803663e-19,69.0980124515605
1,0.998770048384256,0.00122995161574442,1.01545962512395e-22,64.8699215197166
2,4.09244313967589e-10,0.999999999590756,8.15165042736042e-72,27.9924762454278
3,8.84003797672944e-06,2.40867806462163e-14,0.999991159961999,102.208557111073
3,2.40132277044646e-09,5.84159473994238e-18,0.999999997598677,109.054965812999
3,8.40818480977292e-09,2.30813453142324e-17,0.999999991591815,107.858549505347
3,3.02802034007918e-08,9.5201135437036e-17,0.999999969719796,106.666671710122
2,3.48938803556767e-08,0.99999996510612,5.37744897334875e-61,34.4165020887817
3,8.0558901020468e-09,9.4625613234094e-18,0.99999999194411,108.4618697082
3,4.03883546434087e-10,8.45888206762307e-19,0.999999999596116,110.8141564963
1,0.998760170554213,0.00123982944578746,2.62964417626755e-19,67.6287869561393
1,0.998990403603583,0.00100959639641681,2.07320706056211e-22,65.2180485591688
1,0.999356944629938,0.000643055370061832,1.06604154514917e-21,66.0219775428745
3,2.00414800340938e-07,1.29621697909686e-16,0.999999799585199,107.027601478459
3,2.28808109833251e-09,5.54162399402875e-18,0.999999997711919,109.101724316541
3,1.35418925621357e-09,3.13028557291062e-18,0.999999998645811,109.612612778883
3,2.13943945742635e-09,5.150106018776e-18,0.999999997860561,109.166823235377
3,1.20507613468033e-06,5.94605651244606e-15,0.999998794923859,103.396594009442
2,8.90605645613957e-10,0.999999999109394,1.88914516005739e-67,30.4228058985808
1,0.995691325914464,0.00430867408553587,8.94544430118809e-23,63.9920311954965
1,0.997580096354802,0.00241990364519812,8.89892399916736e-24,63.69280419696
1,0.999375434462774,0.000624565537226426,1.18553145740571e-21,66.0743943302315
1,0.997379906871303,0.00262009312869679,6.6933288481133e-24,63.5561267413453
3,9.18673566750623e-06,9.41372903054631e-15,0.999990813264323,103.611898852254
3,6.23532128386118e-09,1.66119207968151e-17,0.999999993764679,108.141135687349
3,9.3666095232431e-09,2.59959517705812e-17,0.99999999063339,107.756947181823
2,4.405650516861e-08,0.999999955943495,1.39050714212245e-60,34.6768372373703
1,0.999770207798579,0.000229792201420572,4.11538025335404e-18,69.3252725226592
1,0.999997077171455,2.92282763909513e-06,9.05437866837405e-13,76.8295111102126
1,0.999983960506106,1.60394938924047e-05,1.08823266608383e-15,73.1355077385634
1,0.999995688538338,4.31146147203384e-06,1.90442922764673e-13,75.9573731139926
1,0.999998368636924,1.63135340340656e-06,9.67280789412807e-12,78.1737695774726
1,0.999980542318431,1.94576815686765e-05,5.15528196907819e-16,72.7354383285483
1,0.999997221237391,2.77876149840852e-06,1.11018217267853e-12,76.9442817203385
1,0.999990119393185,9.88060680727399e-06,7.18186747365413e-15,74.1549124505507
3,1.146207202225e-09,4.72374407123218e-19,0.999999998853793,112.079742374445
2,0.016881921801235,0.983118078198765,2.9767471061022e-37,50.5964670285638
1,0.999963023953108,3.69760468879175e-05,4.2736610663698e-15,72.9638295737269
1,0.999970059917979,2.99400820210965e-05,9.83909719174313e-17,71.8555108559928
1,0.999989222927236,1.07770727590107e-05,5.11333757039696e-15,73.9704340320688
1,0.999970893072166,2.91069278342184e-05,1.09615993921911e-16,71.9126189678771
1,0.999997608546359,2.39145160370166e-06,2.03706454517768e-12,77.2870247927134
1,0.999958991578626,4.10084213736171e-05,2.96260670001682e-17,71.2236787018133
1,0.999996804512995,3.19548637245574e-06,6.32295905399033e-13,76.6277798516738
1,0.999986752713077,1.32472869203369e-05,2.2868482186601e-15,73.5351438595062
1,0.999999353169676,6.46379107886845e-07,4.51215933810538e-10,80.4068671608868
1,0.999993641589522,6.35841043749435e-06,4.06884599959063e-14,75.1035105550932
1,0.999995908693468,4.09130629714756e-06,2.34787927545069e-13,76.073903355779
1,0.999993241042985,6.75895698261322e-06,3.19615885753596e-14,74.9707911941914
1,0.998608027125991,0.00139197287400933,6.49733913072924e-23,64.6528319914194
3,6.1716959958557e-10,2.44885396143708e-19,0.99999999938283,112.727074218642
2,0.0059551277378904,0.99404487226211,3.30716576678003e-39,49.1555435924357
3,1.39060427414196e-11,1.06208414657586e-20,0.999999999986094,115.008541871256
2,2.85335638413563e-05,0.999971466436159,5.33520806387722e-49,42.2618298410407
3,8.46657513689333e-13,6.19740862033818e-22,0.999999999999153,118.268343639506
2,0.0458432139810154,0.954156786018984,2.43156333265878e-35,52.0347951771591
3,3.638678222138e-11,2.88780960607307e-20,0.999999999963613,113.949693313469
3,2.63858078375394e-13,4.26353556124181e-22,0.999999999999736,118.97281897085
3,2.36645257587947e-13,3.83045376318904e-22,0.999999999999763,119.108351728439
3,2.85426388716988e-11,5.05499282924256e-20,0.999999999971457,113.57081500154
3,7.42832017538505e-12,1.24369646330071e-20,0.999999999992572,115.046216927341
3,1.23254135384581e-12,1.98405146247378e-21,0.999999999998768,117.107185779635
3,1.03810017832687e-12,1.66871381758822e-21,0.999999999998962,117.310265956911
3,3.51761378623722e-13,5.66343861552467e-22,0.999999999999648,118.617297600992
3,1.66153710128694e-13,2.708507664558e-22,0.999999999999834,119.552393882383
2,0.00382097272839462,0.996179027271605,4.94429945074258e-40,48.5544396120494
1,0.999992917288873,7.08270825363685e-06,2.87299923417597e-12,76.5300265887575
1,0.999995385573316,4.61442653889607e-06,1.45259799819746e-13,75.8068660294124
3,5.69404405400187e-12,1.96220607086812e-21,0.999999999994306,118.004031508947
2,6.56629058507484e-05,0.999934337094149,1.73327292190493e-47,43.2944990541262
1,0.999922639272625,7.73607273742559e-05,2.50973785811992e-16,71.4592784789676
1,0.99999531286178,4.68713808353084e-06,1.36487938497335e-13,75.7722921041447
1,0.999994255147076,5.7448528637325e-06,6.08066578395435e-14,75.3248799743921
1,0.999997418930786,2.58106771803187e-06,1.49580141407784e-12,77.1124382175568
1,0.99999725359109,2.74640774559991e-06,1.16392369204747e-12,76.9709200191247
2,0.000291872425729276,0.999708127574271,6.78571449361932e-48,43.2364371759309
2,0.000754418989074542,0.999245581010925,2.19643662250836e-44,45.3899908417596
3,9.41023353166186e-13,6.88479187726227e-22,0.999999999999059,118.139856641714
3,1.07249365869462e-11,1.8194951229072e-20,0.999999999989275,114.638155846202
3,5.38479530963756e-12,8.92420913391326e-21,0.999999999994615,115.4072283482
3,4.04654185384443e-12,6.6533155424423e-21,0.999999999995953,115.730706758619
3,8.88559944903986e-14,1.47489307338345e-22,0.999999999999911,120.352703306942
2,0.00368851039613271,0.996311489603867,4.25221301051118e-40,48.5069198749319
3,7.36426668055716e-13,5.39549923367324e-22,0.999999999999264,118.438660672119
2,0.00214940087865777,0.997850599121342,4.24980928874446e-41,47.7842541423848
3,2.03522054774059e-13,1.52753645352544e-22,0.999999999999796,120.049377106363
2,0.00597814354485452,0.994021856455146,3.36236867015866e-39,49.160798057386
2,9.62213539944621e-08,0.999999903778646,1.65313155378048e-60,34.6714205945624
1,0.999972394493238,2.7605506748393e-05,1.32830783302449e-14,73.5735880643404
3,1.20410110694789e-09,4.97816240101481e-19,0.999999998795899,112.028648646353
2,3.07379016821282e-06,0.999996926209832,5.12767303684549e-53,39.5680213753708
1,0.999997651571704,2.34816946406125e-06,2.58832416555438e-10,79.0947736217272
1,0.999995753846018,4.24615377978976e-06,2.02407876565622e-13,75.9912750170471
1,0.99999967915948,3.10573144132591e-07,1.02673758538623e-08,82.274156099545
1,0.999998798980777,1.20098514111755e-06,3.40820788181911e-11,78.8983538517006
1,0.999998368771668,1.63121865550649e-06,9.67607979446442e-12,78.1739632182557
3,1.55541104108105e-07,9.79120978540531e-17,0.999999844458896,107.262799445572
3,1.18695427050909e-08,3.37552521125551e-17,0.999999988130457,107.534820538248
3,5.52449916340075e-09,1.45437222271063e-17,0.999999994475501,108.256036399144
1,0.993492252525079,0.00650774747492115,6.1301440833343e-22,64.63737875012
1,0.982029340096705,0.0179706599032953,6.98252572703084e-27,60.3269389673187
3,1.08368831377032e-05,1.13504364851811e-14,0.999989163116851,103.469603017104
3,8.14620944944632e-09,2.22907418631353e-17,0.99999999185379,107.888384970554
3,9.52591916999981e-08,3.41422116309498e-16,0.999999904740808,105.625505288379
3,8.20835138294167e-10,1.81868323071541e-18,0.999999999179165,110.105814289814
2,1.0637304034497e-06,0.999998936269597,6.43220826135251e-55,38.3172166201743
1,0.879897210917757,0.120102789082243,4.33314301885118e-28,58.3293257633533
1,0.999684979971959,0.000315020028041078,1.45105048801273e-20,67.3194332123318
1,0.999417895012565,0.00058210498743511,1.53225998133048e-21,66.2011041998107
1,0.998780690948722,0.00121930905127774,1.04783355906843e-22,64.8851993615364
3,1.7599145281283e-10,6.54799265137767e-20,0.999999999824009,114.071377543526
3,4.60430279870235e-07,2.00337443909557e-15,0.999999539569718,104.229868680839
3,2.85344614933072e-08,8.91271875691216e-17,0.999999971465538,106.721243170868
2,7.35136980812746e-07,0.999999264863019,1.40573188361366e-55,37.8862846947995
3,2.87021839276528e-09,3.06513974078088e-18,0.999999997129781,109.458185486031
3,1.13153357555316e-08,3.202015049516e-17,0.999999988684664,107.579583703651
3,4.14384021476391e-10,8.69581557853153e-19,0.999999999585616,110.788317527896
2,3.40394978026495e-10,0.999999999659605,3.9328135053728e-69,29.4054918962029
1,0.991235379797261,0.0087646202027391,6.96837847716855e-24,62.7717957120733
1,0.999904764755711,9.52352442895062e-05,1.23056711043703e-18,69.5720419683998
2,1.85875271550296e-08,0.999999981412473,3.84148497190943e-65,32.0332171808964
2,2.66879329758471e-11,0.999999999973312,7.66357645208871e-75,25.9682990893897
3,6.52312179260109e-07,1.25361189744541e-15,0.99999934768782,104.444225072873
3,4.54795268266701e-10,9.6123282301049e-19,0.999999999545205,110.694767969063
2,7.85720974516715e-10,0.999999999214279,1.14013048780248e-67,30.289603445611
1,0.997134246778639,0.00286575322136113,3.89492822105588e-22,64.7034896282724
1,0.997925973222397,0.00207402677760303,1.5475363012944e-23,63.9589429421571
1,0.983831523864747,0.0161684761352527,1.01827830597708e-26,60.5010405949425
3,5.27521300151891e-08,2.97419719442533e-17,0.99999994724787,108.279758326993
3,6.87205525571705e-09,1.84859885984262e-17,0.999999993127945,108.049041328405
3,4.19084937448337e-09,1.07410713583943e-17,0.999999995809151,108.519408893715
3,2.79082949434837e-10,5.68635267376303e-19,0.999999999720917,111.18799323158
3,4.57011781033462e-08,1.50454887201605e-16,0.999999954298822,106.290107621425
3,2.49584473883949e-10,5.04444119091653e-19,0.999999999750416,111.301626715644
3,2.47419928340467e-08,7.60836603522034e-17,0.999999975258007,106.852560681375
1,0.996289300649815,0.0037106993501847,4.72625745886211e-21,65.6335506528969
3,1.22753309938427e-08,6.05140937141258e-18,0.999999987724669,109.688085067263
2,2.91921434424515e-11,0.999999999970808,2.08442707211732e-73,26.8590994607805
3,1.52230691168767e-07,2.44995692604555e-16,0.999999847769309,105.737496458203
3,2.52971217497653e-09,6.18338478821887e-18,0.999999997470288,109.004603484667
3,3.20720211322516e-08,1.01478027927675e-16,0.999999967927979,106.613898827795
3,4.1760273843778e-09,1.06994469191493e-17,0.999999995823973,108.522796217792
1,0.984161920335695,0.0158380796643052,2.43532404897788e-23,63.0887788795765
2,2.38615995875655e-11,0.999999999976139,9.60180713825392e-77,25.0973068410323
3,6.1131897214266e-11,4.97527947069017e-20,0.999999999938868,113.390070906196
2,6.01586640301015e-12,0.999999999993984,3.82620451973766e-76,25.2585938575527
3,2.49073474925561e-08,3.27771141846807e-17,0.999999975092652,107.396627850324
3,1.12073519034827e-07,4.09508698427134e-16,0.999999887926481,105.479651005017
2,6.19293997168334e-10,0.999999999380706,4.37068481870462e-68,30.0371266727974
2,3.12938708499221e-07,0.999999687061291,2.04085175510043e-58,36.0008221745566
2,2.02375795707998e-08,0.99999997976242,2.9164801156978e-63,32.945892396782
3,2.50978154067866e-08,3.30541618182466e-17,0.999999974902185,107.389521570558
2,4.16334387275961e-12,0.999999999995837,8.84211153705991e-77,24.8895756812066
3,1.2973985155257e-08,1.59696357120932e-17,0.999999987026015,108.009122294005
3,2.54734484166112e-07,1.02864370872396e-15,0.999999745265515,104.749556650419
3,8.336361072815e-10,1.8494070129617e-18,0.999999999166364,110.090486093946
3,2.26942035083774e-09,5.49233123065386e-18,0.99999999773058,109.109655858507
3,3.24753652072135e-11,5.78890150642133e-20,0.999999999967525,113.432164163864
2,4.88435054522389e-10,0.999999999511565,1.68088548707772e-68,29.7860581542633
1,0.888425450553727,0.111574549446273,5.83013567163787e-28,58.4596402259455
1,0.999739034251035,0.000260965748965255,2.90241556155558e-20,67.667234661489
2,4.60268036254827e-08,0.999999953973196,1.51491808388337e-63,33.021665456257
2,5.23385584699171e-14,0.999999999999948,1.44590467083853e-85,19.8603916938014
2,2.23943661356733e-07,0.999999776056339,5.1953111574489e-59,35.6214536939487
2,9.4077939296459e-07,0.999999059220607,1.85764776499601e-56,37.261344818605
1,0.999307807560217,0.000692192439782691,6.89743801469246e-20,67.2549404120346
2,3.14853882862448e-14,0.999999999999969,3.99526358818675e-88,18.6708992527878
1,0.993452436882404,0.0065475631175956,1.98590666208795e-23,63.270304814412
1,0.998997608752239,0.00100239124776084,2.1276604267556e-22,65.2307199757901
2,4.93410886365483e-11,0.999999999950659,1.73443196051947e-75,25.8287077235902
3,2.06129017862395e-09,2.13899017887615e-18,0.99999999793871,109.782563410619
2,1.40206790421724e-11,0.999999999985979,1.11506315208563e-74,26.1125071778056
1,0.993076296758552,0.00692370324144837,1.62485047206356e-23,63.1745539653937
2,1.3590097601681e-08,0.999999986409902,1.08216346746901e-65,31.6944811623372
3,6.91425190830093e-08,1.0164612680462e-16,0.999999930857481,106.453701404904
1,0.671948064701517,0.328051935298483,1.11768397165426e-28,57.5709067229556
2,2.80359687701456e-08,0.999999971964031,2.63613272766733e-64,32.479835858018
1,0.999709129209479,0.000290870790520974,1.70713295156752e-18,68.8754483289131
1,0.994662234376985,0.00533776562301459,5.26962080616515e-25,62.3458964082113
1,0.999617792346376,0.000382207653624359,7.13424821324289e-21,66.9646974809178
1,0.994102548155985,0.0058974518440149,3.69404443826689e-25,62.1781116875636
1,0.996952198102808,0.00304780189719205,3.89552192651088e-24,63.2969698152071
2,7.03301107217249e-08,0.999999929669889,8.47303536148689e-63,33.4878240408103
3,5.22135409826481e-08,7.44015817242959e-17,0.999999947786459,106.711172042952
3,6.45025535446453e-07,2.93120632256147e-15,0.999999354974462,103.936309085604
2,3.89104530534759e-10,0.999999999610895,6.73407703141934e-69,29.5462518503048
1,0.983446429322755,0.0165535706772455,7.09613298537458e-25,61.6951782808792
3,1.54475148374028e-06,1.2626808383038e-15,0.999998455248515,105.174121700098
3,5.91890110398414e-08,2.0069543500827e-16,0.999999940810989,106.055044480767
3,1.31079685233142e-10,2.53475283535214e-19,0.99999999986892,111.962711120575
2,6.94238842237354e-12,0.999999999993058,6.76869476312179e-76,25.4026019086006
1,0.959654148039099,0.0403458519609007,2.79932847484521e-26,60.1989373970854
3,8.3209909001283e-10,3.36099856518279e-19,0.999999999167901,112.413362061953
2,1.07369053233371e-05,0.999989263094677,9.13635020522162e-51,41.0685369657932
1,0.999913329563541,8.66704364586389e-05,1.62802612393574e-16,71.231986856333
2,3.59447541583246e-07,0.999999640552458,6.5116248060397e-60,35.3060506918708
1,0.995547854483674,0.0044521455163256,7.95014424660456e-23,63.9352436684502
1,0.912287633482367,0.0877123665176328,2.08410265242025e-29,57.7042403447327
1,0.992589163313308,0.00741083668669237,1.63797225827757e-25,61.7952550024758
1,0.834587075725154,0.165412924274846,1.60628821513169e-30,56.5957634846055
1,0.996886650575369,0.00311334942463065,3.61002701958799e-24,63.2605906235362
1,0.937039577015253,0.0629604229847467,7.33680741824901e-29,58.2609456605125
2,3.77168114372651e-06,0.999996228318856,9.95408526375712e-56,37.9987900171185
2,3.02193970467431e-10,0.999999999697806,1.25851251861732e-70,28.458760778423
3,6.73643427129075e-10,6.38898476728114e-19,0.999999999326357,110.896510227892
3,5.80494215674664e-08,1.96392090887045e-16,0.999999941950578,106.072675145073
3,1.99824055305362e-09,4.78065225007324e-18,0.999999998001759,109.233092541098
1,0.997918607528683,0.00208139247131709,3.91049813415596e-20,66.6767796130701
1,0.998666729691988,0.00133327030801168,7.58973921880821e-23,64.7283232494464
1,0.658658016744469,0.341341983255531,4.8568764877319e-32,55.1532557249209
1,0.998711488484822,0.00128851151517819,1.18376992404611e-22,64.7882240474381
2,1.57243100296531e-09,0.999999998427569,1.80977750387751e-69,29.3967676370695
3,2.97146643172031e-07,5.17995520647577e-16,0.999999702853356,105.138796201864
2,1.33807716527971e-08,0.999999986619228,1.09016070268466e-62,33.3547283566908
3,1.16444206640699e-07,1.81645288062577e-16,0.999999883555793,105.979484323327
3,1.01492694013603e-06,4.89475677758371e-15,0.999998985073055,103.544308042035
3,1.35330406643597e-08,3.90158675752229e-17,0.999999986466959,107.412259410004
1,0.992957917644002,0.00704208235599813,4.60385730044513e-22,64.4986899625438
1,0.932990909947441,0.0670090900525585,5.80733753584757e-29,58.1570003848491
3,6.44777619565284e-08,3.70797533946216e-17,0.999999935522238,108.08927744789
1,0.931867198932439,0.0681328010675613,1.10858339981217e-25,60.5755449704009
1,0.987495510100457,0.0125044898995426,2.54485478726835e-26,60.925415656265
1,0.99705886404361,0.00294113595638994,4.42507487943296e-24,63.3579254685487
3,1.41547296409362e-08,7.06464147448144e-18,0.99999998584527,109.548508112458
2,6.61669345298136e-09,0.999999993383306,6.26018452111711e-64,32.583048047526
1,0.999813639039152,0.000186360960848004,9.02201025792733e-18,69.7285778091251
2,4.08903410506523e-08,0.999999959109659,9.37319698792177e-64,32.8920190048014
3,7.80533813981753e-10,7.48620282184586e-19,0.999999999219466,110.748170972327
3,1.00838610207711e-07,3.63861330812668e-16,0.999999899161389,105.574382747776
3,2.97815096931571e-08,9.34617630669326e-17,0.99999997021849,106.681926584859
3,2.46237235555294e-10,4.97197631965995e-19,0.999999999753763,111.315381561554
1,0.996672800550072,0.00332719944992776,7.03468574758042e-21,65.8289187483006
2,0.000457819525452681,0.999542180474547,4.46988865742045e-47,43.7999298872699
2,1.36188118251784e-09,0.999999998638119,5.34307063187122e-68,30.0392662456811
3,1.46647086524804e-07,2.34978410075605e-16,0.999999853352913,105.771166449384
1,0.911023498387118,0.0889765016128821,3.94483381853788e-26,60.1072657361
3,7.28111093490809e-07,5.4422858971313e-16,0.999999271888906,105.848439632584
1,0.955266154845815,0.0447338451541851,5.41577357707953e-25,61.3036932580015
2,1.97142270543011e-05,0.999980285772946,9.16153133153498e-53,39.9490159288452
3,4.24863425402049e-12,3.14462314093507e-21,0.999999999995751,116.354947956042
3,1.29087127826604e-09,2.97157871588162e-18,0.999999998709129,109.659549040356
3,1.70738133006999e-08,5.04466468474741e-17,0.999999982926187,107.195873157105
2,8.2489598601773e-05,0.999917510401398,4.50376148923896e-47,43.5796791159834
2,1.56097112433975e-08,0.999999984390289,1.0175019493604e-63,32.6619246880023
1,0.998589015904299,0.00141098409570066,5.09106961285902e-21,65.9609337839928
1,0.999857245216344,0.000142754783655844,2.7131712784789e-19,68.7983140746374
1,0.999665815140754,0.000334184859246054,1.16788410238747e-20,67.2108068750464
2,2.99648183562485e-12,0.999999999997004,2.53600398727737e-80,23.0395032461594
3,1.93590506744639e-08,2.481716827975e-17,0.999999980640949,107.632320171991
1,0.989402040279779,0.010597959720221,1.04581732317152e-22,63.7845967966212
1,0.977030350272888,0.0229696497271115,2.90099806119607e-27,59.9232520506997
1,0.998475491431765,0.00152450856823519,4.68146598918161e-23,64.493818153587
1,0.737489005697761,0.26251099430224,1.93937397808062e-31,55.7130199069377
1,0.999166739419424,0.000833260580576208,4.15688266405827e-22,65.5586941129593
3,1.72732832279868e-08,8.77375921923327e-18,0.999999982726717,109.354155598186
3,1.77528572462329e-06,9.22834360610592e-15,0.999998224714266,103.064925751852
3,5.40186984015707e-08,1.81254156285176e-16,0.999999945981301,106.137994530276
3,3.55172156373727e-11,6.36034870359731e-20,0.999999999964483,113.33627057101
2,1.0773180324642e-09,0.999999998922682,4.06943761086321e-67,30.6255269279752
1,0.994267836615296,0.00573216338470367,3.20287204458302e-23,63.4988316616956
1,0.997937032297198,0.00206296770280181,1.57752913675387e-23,63.9681903630076
2,0.00577918281524581,0.994220817184754,1.98643491241412e-42,47.0633512035191
1,0.999993566382793,6.43361297780099e-06,4.22886307318113e-12,76.7469630217124
1,0.999888031268264,0.000111968731736598,6.71418303847357e-19,69.2611565789454
1,0.999975118818213,2.48811817869708e-05,2.00045555688071e-16,72.2313423965467
2,2.36031590660543e-05,0.999976396840934,1.93065028173657e-52,40.1642811270391
1,0.999969247212996,3.07527869957058e-05,8.72988860555726e-15,73.3473576132673
2,0.0186632146706913,0.981336785329309,3.02472552882654e-40,48.6383713554771
3,5.15510643175531e-13,3.79136746047291e-22,0.999999999999484,118.877916102952
2,0.00092092944134655,0.999079070558653,1.16287573635142e-42,46.6664081253368
1,0.999998840848585,1.1540872595921e-06,5.06415513907361e-09,80.8387667792224
1,0.999997406051429,2.59394710496469e-06,1.46599807269546e-12,77.1010751962723
1,0.999998772498379,1.22747047412816e-06,3.11464329463783e-11,78.846301479314
1,0.999996939909038,3.0600902089571e-06,7.52616540664438e-13,76.7255837642304
2,0.00197115192721791,0.998028848072782,2.07819720123377e-44,45.6588942704997
1,0.999995254371842,4.74561368638414e-06,1.44719021647929e-11,77.4414610615209
3,7.74905837844739e-11,2.79139171664473e-20,0.999999999922509,114.97536472621
3,2.17680865846506e-11,3.80538979287164e-20,0.999999999978232,113.86341770281
1,0.999755771207301,0.000244228792698851,1.14008196854915e-16,70.7355804194379
3,4.86011344212484e-12,1.67568971780291e-21,0.99999999999514,118.196020467691
3,8.22760544532442e-12,1.38235660513055e-20,0.999999999991772,114.932241973021
2,1.47144609040197e-05,0.999985285539096,3.38512056746147e-50,41.4512555010389
3,2.24775085543045e-11,1.74753965922655e-20,0.999999999977522,114.47638115738
